operation,program,precision,technique,N,dist,parameter,input,aux_input,time_sec_mean,time_sec_median,time_sec_std,time_p1_mean,time_p1_median,time_p1_std,time_p2_mean,time_p2_median,time_p2_std,cycles_mean,cycles_median,cycles_std,instructions_mean,instructions_median,instructions_std,ipc_mean,ipc_median,ipc_std,cache_references_mean,cache_references_median,cache_references_std,cache_misses_mean,cache_misses_median,cache_misses_std,cache_miss_rate_mean,cache_miss_rate_median,cache_miss_rate_std,branches_mean,branches_median,branches_std,branch_misses_mean,branch_misses_median,branch_misses_std,branch_miss_rate_mean,branch_miss_rate_median,branch_miss_rate_std,l1_dcache_load_misses_mean,l1_dcache_load_misses_median,l1_dcache_load_misses_std,llc_load_misses_mean,llc_load_misses_median,llc_load_misses_std,checksum_mean,checksum_median,checksum_std,estimated_operations_mean,estimated_operations_median,estimated_operations_std,gops_mean,gops_median,gops_std,repetitions,time_sec_cv,time_p1_cv,time_p2_cv,cycles_cv,instructions_cv,ipc_cv,cache_references_cv,cache_misses_cv,cache_miss_rate_cv,branches_cv,branch_misses_cv,branch_miss_rate_cv,l1_dcache_load_misses_cv,llc_load_misses_cv,checksum_cv,estimated_operations_cv,gops_cv
conv_linear,conv_linear_double_full,double,full,512,0,3,inputs/double/matrix_n512_d0.bin,inputs/double/kernel_k3.bin,0.012031309840000002,0.011531562499999998,0.0022807851527627486,0.012031309840000002,0.011531562499999998,0.0022807851527627486,0.012031309840000002,0.011531562499999998,0.0022807851527627486,16991988.16,17002258.0,48930.2969378162,35043728.22,35043728.0,0.8400680254132611,2.0623845592552468,2.061122078165023,0.005960050779408503,14230.22,14230.5,518.5611289807557,1534.52,1496.0,251.81935864376092,0.10760029892146639,0.10619723681838161,0.014523307483269422,4502679.42,4502679.0,0.8351951990950839,3956.9,3944.5,78.14148601565441,0.0008787878570115493,0.0008760339260828272,1.73544206997306e-05,112030.26,112131.5,623.7717338244573,1283.18,1287.5,122.17112287814221,129875.9107775232,129875.91077752324,0.0,4681800,4681800,0.0,0.3989639988884439,0.40600473271700954,0.054003354373681575,50,0.18957081008585747,0.18957081008585747,0.18957081008585747,0.0028796098771420166,2.397199350877916e-08,0.002889883340457491,0.03644083710446892,0.16410301504298472,0.13497460163999606,1.8548848833992358e-07,0.01974815790534368,0.019748134389051444,0.005567886157047724,0.09520965326621535,0.0,0.0,0.1353589660323755
conv_linear,conv_linear_double_full,double,full,512,0,5,inputs/double/matrix_n512_d0.bin,inputs/double/kernel_k5.bin,0.018731003039999996,0.0169162015,0.0041083295522902725,0.018731003039999996,0.0169162015,0.0041083295522902725,0.018731003039999996,0.0169162015,0.0041083295522902725,29332499.48,29337467.5,68635.68339777157,55686342.08,55686342.0,1.5628336379833727,1.8984621906626802,1.8981304720661407,0.004447346531216775,15984.9,16047.0,465.68725819908286,1532.8,1457.5,202.0870695355578,0.09581662799742058,0.0926114485142035,0.011577507840550769,7050745.6,7050746.0,1.1780301788281196,4466.36,4460.5,51.52837934139801,0.0006334592472920315,0.0006326282281203873,7.308224689563963e-06,147622.02,147740.0,1478.8079381580271,1253.78,1231.5,125.38109905404404,128848.41690527533,128848.41690527527,0.0,12903200,12903200,0.0,0.7148891410943488,0.7628058342369758,0.12297188696599894,50,0.21933313146748992,0.21933313146748992,0.21933313146748992,0.0023399193595680435,2.8064936205329806e-08,0.002342604742454406,0.029132947856982706,0.13184177292246724,0.12082984010731875,1.6707880920113182e-07,0.011536996422455426,0.011537008451302618,0.010017529486170337,0.10000247176860697,0.0,0.0,0.17201532363151326
conv_linear,conv_linear_double_full,double,full,512,0,7,inputs/double/matrix_n512_d0.bin,inputs/double/kernel_k7.bin,0.02492798722,0.0241817425,0.0029996191404978874,0.02492798722,0.0241817425,0.0029996191404978874,0.02492798722,0.0241817425,0.0029996191404978874,47861102.78,47877796.5,61444.527921047855,105701580.64,105701580.0,1.1204955152132086,2.208510573855277,2.2077369472990425,0.002838568258413052,13286.52,13225.0,401.8381865418779,1551.38,1531.5,113.61749110816643,0.11673065390581878,0.11535770917481379,0.007138075411572501,11350623.86,11350623.0,1.3851987260305803,4505.48,4483.0,90.29435763328812,0.00039693677215651675,0.00039495627707147613,7.954998222668074e-06,485420.2,484517.5,4144.694700851354,1330.1,1322.5,125.61802320965747,127831.7832071678,127831.78320716765,0.0,25091528,25091528,0.0,1.0160940173624833,1.037637095877561,0.08262067858394778,50,0.1203313815120725,0.1203313815120725,0.1203313815120725,0.0012838092804398156,1.060055590870877e-08,0.0012852862431434581,0.03024405085318638,0.07323640314311544,0.06114996509255982,1.2203723276498215e-07,0.020041007314046035,0.020040970705357895,0.00853836470103913,0.09444254056812079,0.0,0.0,0.08131204118139544
conv_linear,conv_linear_double_full,double,full,512,1,3,inputs/double/matrix_n512_d1.bin,inputs/double/kernel_k3.bin,0.012060823140000005,0.011310746,0.0021656244486512616,0.012060823140000005,0.011310746,0.0021656244486512616,0.012060823140000005,0.011310746,0.0021656244486512616,16995065.92,17017640.0,56921.42524957018,35043165.2,35043165.0,0.8081220362163111,2.061983900190017,2.059225870996291,0.006939611096212625,14427.32,14436.5,519.4742019875603,1542.38,1519.5,151.38299718506926,0.10688019488860478,0.10780169595795783,0.009284909389187634,4502561.44,4502561.0,0.972268544324991,3946.94,3926.5,103.11345247654491,0.0008765988096883678,0.0008720589664589903,2.2901055224730475e-05,112038.08,111889.5,709.0873651593095,1350.18,1328.5,375.984188225939,327.9197620546658,327.919762054666,0.0,4681800,4681800,0.0,0.3980415177334761,0.4139357059097503,0.056677637776277635,50,0.17955859426119242,0.17955859426119242,0.17955859426119242,0.0033492912306144307,2.3060760396618254e-08,0.0033655020757306217,0.036006285435379565,0.09814896276213984,0.0868721225561459,2.1593676339150432e-07,0.02612491005096224,0.02612489883812623,0.006328985333908877,0.27846967680304774,0.0,0.0,0.14239127139050933
conv_linear,conv_linear_double_full,double,full,512,1,5,inputs/double/matrix_n512_d1.bin,inputs/double/kernel_k5.bin,0.018367358280000003,0.0171502105,0.0031948561620741586,0.018367358280000003,0.0171502105,0.0031948561620741586,0.018367358280000003,0.0171502105,0.0031948561620741586,29325759.8,29352878.5,74287.68599086569,55685736.06,55685736.0,1.5702593060187273,1.8988795815873325,1.897113260691985,0.004813612474477728,15984.04,15907.0,605.453143167519,1530.6,1510.5,209.5085600511203,0.0954990990439109,0.09514675783707197,0.009476879182008034,7050622.54,7050622.0,1.1104328995433173,4472.06,4482.0,63.9270662233014,0.000634278742625423,0.0006356885057840559,9.066861965173816e-06,147207.0,147381.5,1989.067518169437,1279.3,1225.5,184.7663996753186,312.7354856307888,312.735485630789,0.0,12903200,12903200,0.0,0.7203130408392938,0.7523643981114407,0.10544843475132872,50,0.17394206142061264,0.17394206142061264,0.17394206142061264,0.002533188790248009,2.8198591185484408e-08,0.0025349751090871595,0.03787860535681336,0.1368800209402328,0.09923527317938909,1.5749430539552287e-07,0.014294769350881115,0.014294759316139188,0.013512044387627199,0.14442773366318973,0.0,0.0,0.14639251099558379
conv_linear,conv_linear_double_full,double,full,512,1,7,inputs/double/matrix_n512_d1.bin,inputs/double/kernel_k7.bin,0.026415016039999996,0.0250280025,0.004756542153762008,0.026415016039999996,0.0250280025,0.004756542153762008,0.026415016039999996,0.0250280025,0.004756542153762008,47951488.48,47960557.0,61376.3924589508,105700994.0,105700993.0,1.6659862579950349,2.204335404769635,2.2039151046583223,0.0028224637253197547,14948.52,15040.5,1354.0896820147389,2088.56,2048.0,545.9641970768743,0.13818830896040243,0.13610483827665187,0.01939657550487376,11350502.48,11350502.0,1.0544366907257716,4494.88,4480.5,84.15089459550923,0.0003960071378165061,0.00039474021546603545,7.413847193458716e-06,484331.6,484632.0,3302.4878748097326,1812.34,1779.5,492.7432833284552,301.15942725259674,301.159427252597,0.0,25091528,25091528,0.0,0.9714009327589914,1.0025382896621011,0.12318876680357901,50,0.18006962958338635,0.18006962958338635,0.18006962958338635,0.0012799684515434838,1.5761311175513023e-08,0.0012804148221784413,0.09058352813621273,0.2614069967235197,0.14036336105995628,9.289779836476204e-08,0.01872149970533345,0.01872149889604767,0.006818650434557094,0.27188236386575104,0.0,0.0,0.1268155739295987
conv_linear,conv_linear_double_full,double,full,512,2,3,inputs/double/matrix_n512_d2.bin,inputs/double/kernel_k3.bin,0.011567261,0.0107706675,0.0013714226038746803,0.011567261,0.0107706675,0.0013714226038746803,0.011567261,0.0107706675,0.0013714226038746803,17038611.86,17049702.5,44484.41343772456,35043718.94,35043719.0,0.7669180302653238,2.056737604990898,2.0553859833291446,0.005386224841760047,15495.96,15412.5,523.8425125542836,1946.86,1929.0,230.5275237009097,0.12553212744852874,0.12447113952971173,0.013242410968125192,4502677.22,4502677.0,0.9321907485023802,3950.76,3944.0,58.747317785059714,0.0008774246530193511,0.0008759232701234085,1.3047157874531047e-05,112336.48,112314.0,668.5669792281751,1788.58,1746.5,211.48243425873454,260024.88017988947,260024.8801798894,0.0,4681800,4681800,0.0,0.40927888251014877,0.43468058055105757,0.03945364415100437,50,0.1185607036855726,0.1185607036855726,0.1185607036855726,0.0026108003282918,2.1884607383662684e-08,0.0026188196436384426,0.03380510226886774,0.11840991324538473,0.10549021383832523,2.0703032950302846e-07,0.014869877640013494,0.01486983278807337,0.005951468118176527,0.1182404109733613,0.0,0.0,0.09639794730925569
conv_linear,conv_linear_double_full,double,full,512,2,5,inputs/double/matrix_n512_d2.bin,inputs/double/kernel_k5.bin,0.019229212000000002,0.0168295425,0.004582662392255883,0.019229212000000002,0.0168295425,0.004582662392255883,0.019229212000000002,0.0168295425,0.004582662392255883,29329982.44,29344699.5,65046.360440987024,55686335.1,55686335.0,1.1823532402579449,1.8986238371762039,1.8976625070025952,0.00421528783421512,16185.16,16214.0,442.1684211395714,1589.4,1527.5,199.33685979634922,0.09806416150266445,0.09591517972423284,0.010567077466868231,7050738.76,7050738.0,1.1528137716092028,4442.08,4452.0,44.185989098956085,0.0006300162506852822,0.0006314232637774939,6.266832528132456e-06,147423.24,147305.5,1621.3901765120593,1311.74,1266.5,184.40027557640215,257975.39825785917,257975.3982578593,0.0,12903200,12903200,0.0,0.7016251411041364,0.7666996951224505,0.13313593963059742,50,0.23831774241481565,0.23831774241481565,0.23831774241481565,0.0022177429043488722,2.123237663485498e-08,0.0022201806127560564,0.02731937287858578,0.12541642116292262,0.10775677173950157,1.635025507042333e-07,0.009947139425439453,0.009947096636500865,0.010998199310448336,0.14057684874777177,0.0,0.0,0.1897536616505553
conv_linear,conv_linear_double_full,double,full,512,2,7,inputs/double/matrix_n512_d2.bin,inputs/double/kernel_k7.bin,0.0249685422,0.0237074115,0.003285444097774383,0.0249685422,0.0237074115,0.003285444097774383,0.0249685422,0.0237074115,0.003285444097774383,47867691.88,47882641.5,48536.16857209317,105701569.6,105701569.0,1.5779087175320945,2.2082049935895998,2.207513332370058,0.0022419868241124446,13383.76,13323.5,451.06221843328814,1656.08,1641.5,123.9079381753128,0.12371405174069175,0.12354236524698464,0.0077265368881559585,11350622.64,11350622.0,1.2414606277746043,4483.2,4478.5,49.20137711694747,0.00039497392714350955,0.00039455985786950335,4.334682406798981e-06,483351.0,483785.0,4415.255510668637,1504.4,1385.5,398.5085971981236,255959.97601712073,255959.97601712056,0.0,25091528,25091528,0.0,1.0157417424545865,1.0583835480795887,0.08608700354273328,50,0.13158333680267417,0.13158333680267417,0.13158333680267417,0.0010139650913975333,1.4927959192122484e-08,0.0010152983217685465,0.03370220464453099,0.07482001967013235,0.062454804280042533,1.0937379094955132e-07,0.01097461124128914,0.010974603914106007,0.009134677513170836,0.2648953717084044,0.0,0.0,0.08475284606764323
conv_linear,conv_linear_double_full,double,full,1024,0,3,inputs/double/matrix_n1024_d0.bin,inputs/double/kernel_k3.bin,0.04713313219999999,0.0422279195,0.009914083166189743,0.04713313219999999,0.0422279195,0.009914083166189743,0.04713313219999999,0.0422279195,0.009914083166189743,67848443.18,67880934.5,175032.92519312023,140079527.16,140079526.0,2.9922348475722886,2.0646081393947586,2.0636063282423027,0.0053686122033452756,88651.32,89429.0,5730.4995880083,27194.32,27016.5,2104.219429079174,0.3066485935343227,0.3052299447678818,0.008993019462036643,17942165.88,17942166.0,1.5602197642614983,5487.26,5409.0,392.28544428249995,0.0003058304127244987,0.00030146861867179245,2.1863881594901377e-05,597747.48,597393.0,2797.7164174828567,76628.46,76224.0,6006.253643070522,521991.4546911929,521991.4546911925,0.0,18800712,18800712,0.0,0.4123507410089771,0.445220192420055,0.06602292994476254,50,0.21034212460401147,0.21034212460401147,0.21034212460401147,0.0025797633223324347,2.1360971929570646e-08,0.002600305646823173,0.06464088282056375,0.07737716659505271,0.029326791812042233,8.695827330415353e-08,0.0714902235874553,0.07149021380877847,0.004680431973519749,0.07838150007282571,0.0,0.0,0.1601135232186358
conv_linear,conv_linear_double_full,double,full,1024,0,5,inputs/double/matrix_n1024_d0.bin,inputs/double/kernel_k5.bin,0.0859235638,0.08549190549999999,0.02154329584109298,0.0859235638,0.08549190549999999,0.02154329584109298,0.0859235638,0.08549190549999999,0.02154329584109298,118155164.74,118193175.5,143249.94587950892,223829207.1,223829207.5,5.939319005191439,1.8943694140399243,1.8937574108904012,0.0023014921491218026,93220.96,91022.0,4769.661473290946,26325.64,25892.0,1596.2037970236302,0.2823493329096374,0.2817737193851152,0.006840185016930393,28280834.38,28280833.0,4.299454165310065,5011.82,4994.0,88.57780852598069,0.00017721612930644468,0.00017658598230133981,3.1320842198949357e-06,994231.04,995337.0,4029.6787078082866,74051.42,73814.5,4923.1229763645115,519957.8133298895,519957.8133298894,0.0,52020000,52020000,0.0,0.6448417106708191,0.6094984068236694,0.16144192872676938,50,0.2507262837844836,0.2507262837844836,0.2507262837844836,0.001212388355555425,2.653504912135052e-08,0.0012149120082200072,0.051165118588040126,0.06063304812432405,0.024225964858643794,1.5202713284692222e-07,0.017673780887178848,0.0176738101218704,0.004053060652590656,0.06648249252160879,0.0,0.0,0.2503590044738635
conv_linear,conv_linear_double_full,double,full,1024,0,7,inputs/double/matrix_n1024_d0.bin,inputs/double/kernel_k7.bin,0.12013792363999995,0.1138086915,0.021821748901128323,0.12013792363999995,0.1138086915,0.021821748901128323,0.12013792363999995,0.1138086915,0.021821748901128323,193732523.02,193760159.5,151153.90731014436,427133149.96,427133148.0,5.573113297419944,2.20475838900814,2.2044425863799617,0.0017241000010675897,84997.68,83902.0,4205.092366866341,26641.08,26135.5,1592.7123936792834,0.31334995354421535,0.3128013288324999,0.0070746137783972134,45792365.7,45792365.0,3.5413015018507874,5052.92,5046.0,55.642385840659365,0.00011034415719431597,0.00011019304681874573,1.2150999762920226e-06,2382781.06,2381866.5,9420.935699032618,76734.78,75859.5,5453.019026340605,517926.09207450965,517926.0920745095,0.0,101559752,101559752,0.0,0.871583759159085,0.8923731038598239,0.14915991091865632,50,0.1816391380836448,0.1816391380836448,0.1816391380836448,0.0007802195777656804,1.3047718955884958e-08,0.0007819904483244601,0.049473025226880796,0.05978407758541633,0.022577357036049305,7.73338841031047e-08,0.011011926933468048,0.011011910437199068,0.003953756330022456,0.07106320010744287,0.0,0.0,0.17113663414583088
conv_linear,conv_linear_double_full,double,full,1024,1,3,inputs/double/matrix_n1024_d1.bin,inputs/double/kernel_k3.bin,0.04736152198,0.042217683500000006,0.010371179980777759,0.04736152198,0.042217683500000006,0.010371179980777759,0.04736152198,0.042217683500000006,0.010371179980777759,67818695.8,67908227.0,239058.16823381544,140079124.06,140079123.0,2.721119214024852,2.065519529542225,2.0627710251025864,0.007327220706300277,88437.18,90041.5,4566.162000621347,27287.5,27574.5,1245.1282738607078,0.3086996748514531,0.30847492714167407,0.005630172703868621,17942081.88,17942081.0,2.592296279293716,5438.4,5381.5,369.73476428159586,0.0003031086378449906,0.00029993730380034497,2.0607126404278372e-05,598707.12,598816.0,2502.7646724600922,75835.5,77691.5,4782.119823906975,-1480.187976564533,-1480.187976564532,0.0,18800712,18800712,0.0,0.4113198018457138,0.44532927310618586,0.06748348304424796,50,0.21897902658528032,0.21897902658528032,0.21897902658528032,0.0035249596798323487,1.94255870193714e-08,0.0035473984155086576,0.05163170061077645,0.045629987131862865,0.018238349964501487,1.444813537599192e-07,0.06798594518270004,0.06798594243565184,0.004180282126025313,0.0630591190657011,0.0,0.0,0.1640657287624607
conv_linear,conv_linear_double_full,double,full,1024,1,5,inputs/double/matrix_n1024_d1.bin,inputs/double/kernel_k5.bin,0.08049424753999998,0.06607204550000001,0.02117185000944592,0.08049424753999998,0.06607204550000001,0.02117185000944592,0.08049424753999998,0.06607204550000001,0.02117185000944592,118110454.52,118194855.5,265491.2191961426,223828774.34,223828772.0,5.176911064662942,1.8950895536145707,1.8937268607780327,0.0042823867633530145,94602.0,96115.5,5406.368213995984,26932.14,27060.0,1696.3098245356969,0.28469014012090044,0.2837081770388931,0.0074996714992289675,28280741.92,28280741.0,3.4983377981422366,5003.18,4996.0,75.7346845836146,0.00017691120037423953,0.00017665732308782148,2.677960854595519e-06,994033.22,994260.5,3176.265650291928,76916.98,76381.0,5957.882480601061,-1499.6569105099175,-1499.656910509916,0.0,52020000,52020000,0.0,0.686702753026139,0.7874932300598161,0.15824691301377158,50,0.26302314334853555,0.26302314334853555,0.26302314334853555,0.0022478215012811265,2.312888983969112e-08,0.002259727913746909,0.05714856148914382,0.0629845910698406,0.0263432779795045,1.237003543979951e-07,0.015137309587825061,0.015137316625123434,0.0031953314903217503,0.07745861161737058,0.0,0.0,0.23044455889599147
conv_linear,conv_linear_double_full,double,full,1024,1,7,inputs/double/matrix_n1024_d1.bin,inputs/double/kernel_k7.bin,0.12333429230000008,0.1152423615,0.02637369955160491,0.12333429230000008,0.1152423615,0.02637369955160491,0.12333429230000008,0.1152423615,0.02637369955160491,193742014.68,193790833.0,204341.5809003031,427132780.34,427132778.5,7.0958740465527645,2.2046495587603716,2.2040917668195585,0.002331220953732914,88208.5,86341.0,5728.348158278176,27741.88,27124.5,2138.5281285815936,0.31432559605839644,0.3140899097558091,0.006453508062243603,45792287.26,45792286.0,3.8269186202162344,5048.28,5036.5,47.24276858603285,0.00011024301910160162,0.0001099857675847867,1.0316730924063107e-06,2381343.76,2381271.5,8701.306276692956,79777.9,78652.5,5598.856221568465,-1439.5660830792683,-1439.566083079268,0.0,101559752,101559752,0.0,0.8602273219112471,0.8812782888094728,0.1771255212681089,50,0.21383914448913488,0.21383914448913488,0.21383914448913488,0.0010547096933920615,1.6612806071461925e-08,0.0010574111175490905,0.0649409995440142,0.077086633226789,0.020531283939869308,8.357124854864117e-08,0.009358191024672335,0.009358171617701302,0.0036539480031614405,0.07018054149793948,0.0,0.0,0.20590548190747146
conv_linear,conv_linear_double_full,double,full,1024,2,3,inputs/double/matrix_n1024_d2.bin,inputs/double/kernel_k3.bin,0.046316412839999994,0.0422692615,0.008323601064332546,0.046316412839999994,0.0422692615,0.008323601064332546,0.046316412839999994,0.0422692615,0.008323601064332546,67894701.56,67931095.0,142906.20219073253,140079662.22,140079661.0,2.5418135921013856,2.0631988890623836,2.0620845359688724,0.004360034656791721,89317.1,90948.0,4920.689221884204,27770.6,27938.0,1639.779016968383,0.31097192063256124,0.30890062461439227,0.008203371587546696,17942198.82,17942198.0,2.210272861585679,5436.42,5358.5,352.25582598273013,0.000302996307763119,0.0002986534705138428,1.9632808748426855e-05,598148.26,597728.0,2941.331829464401,77391.86,77354.5,5985.194341584121,1044543.7289179867,1044543.728917988,0.0,18800712,18800712,0.0,0.4164041985540553,0.4447845882210528,0.05990861621724045,50,0.17971169514112456,0.17971169514112456,0.17971169514112456,0.0021048211260556652,1.8145486302710945e-08,0.002113240114613056,0.0550923532210988,0.05904730243381069,0.026379782363822008,1.2318851684565599e-07,0.06479555037740464,0.06479553791716725,0.004917395947059013,0.07733622556150117,0.0,0.0,0.14387130683425
conv_linear,conv_linear_double_full,double,full,1024,2,5,inputs/double/matrix_n1024_d2.bin,inputs/double/kernel_k5.bin,0.08138245175999997,0.067957304,0.021157006500649084,0.08138245175999997,0.067957304,0.021157006500649084,0.08138245175999997,0.067957304,0.021157006500649084,118105605.7,118160858.0,197485.7051564837,223829330.26,223829328.0,5.58353994394197,1.895167848173957,1.8942764621669839,0.003184700044199115,94822.1,95936.5,6115.612814087949,26922.92,26949.5,1962.0877036296556,0.2838721025220184,0.28373902124784406,0.007068197274619789,28280860.78,28280859.0,3.610020068491236,5010.28,5008.0,61.03529925462835,0.0001771615099896286,0.00017708087934210117,2.1581826448056563e-06,993842.5,994140.0,2814.436683767957,75772.96,75632.0,6426.681458559769,1040477.7598958333,1040477.7598958338,0.0,52020000,52020000,0.0,0.6793861524986667,0.765503480117597,0.1590054663057113,50,0.2599701292244417,0.2599701292244417,0.2599701292244417,0.0016721111922334748,2.4945524062713917e-08,0.0016804316553109824,0.06449564831498088,0.07287796805211529,0.024899231773124125,1.2764887520836045e-07,0.012182013630900539,0.012182006378992822,0.002831873947600306,0.08481497170705446,0.0,0.0,0.23404284252912166
conv_linear,conv_linear_double_full,double,full,1024,2,7,inputs/double/matrix_n1024_d2.bin,inputs/double/kernel_k7.bin,0.12475351462000002,0.12154749749999999,0.022736023546474065,0.12475351462000002,0.12154749749999999,0.022736023546474065,0.12475351462000002,0.12154749749999999,0.022736023546474065,193736183.42,193753053.0,137438.0243874124,427133304.98,427133304.5,6.222047703318877,2.2047173043753303,2.20452426110381,0.001567236967976335,85674.48,84162.0,5478.71799111092,26705.5,25823.5,1955.8840607724353,0.3115774890288258,0.3114213380470741,0.005047091399006611,45792405.28,45792404.0,4.63368324373327,5066.26,5044.0,96.81811476649789,0.00011063537653435011,0.0001101492727911015,2.114284018773436e-06,2382605.0,2381985.5,9092.540654350722,78806.28,78380.5,5700.3833384882355,1036433.2800054626,1036433.280005463,0.0,101559752,101559752,0.0,0.8418515758269273,0.8355632294036702,0.15704915202374653,50,0.18224755924294506,0.18224755924294506,0.18224755924294506,0.000709408134098838,1.456699262449276e-08,0.0007108562013216408,0.06394807404854888,0.07323899798814609,0.016198511050134548,1.0118890273180404e-07,0.019110372299585468,0.01911037938318936,0.0038162182377484816,0.07233412538300546,0.0,0.0,0.1865520675298155
conv_linear,conv_linear_double_full,double,full,2048,0,3,inputs/double/matrix_n2048_d0.bin,inputs/double/kernel_k3.bin,0.20835466093999996,0.20824523849999999,0.032990905536411694,0.20835466093999996,0.20824523849999999,0.032990905536411694,0.20835466093999996,0.20824523849999999,0.032990905536411694,270772879.1,271308821.5,1223457.191333193,560724545.58,560724545.0,7.610653105607511,2.0708715558816606,2.066739089302212,0.009431209493447239,412044.66,412933.0,13589.688102336107,136425.0,137019.5,3934.451967646093,0.33117686397824164,0.3306350757736559,0.005303548379517708,71762631.42,71762632.0,2.7559953214521977,6040.9,6022.5,84.11611265484925,8.417890870939169e-05,8.392250835924771e-05,1.1721426104996397e-06,2736383.78,2735706.5,5926.208156475597,440480.14,441644.0,5210.633088606577,2092776.2913421288,2092776.29134213,0.0,75350088,75350088,0.0,0.3704063347058291,0.3618334264211949,0.05732756020630918,50,0.15834013689721158,0.15834013689721158,0.15834013689721158,0.004518388973813563,1.357289094190666e-08,0.004554222335354817,0.03298110477232276,0.02883966991127794,0.01601424784270604,3.84043236280228e-08,0.01392443388482664,0.013924421550131903,0.002165707968227906,0.011829439321842244,0.0,0.0,0.1547693838763255
conv_linear,conv_linear_double_full,double,full,2048,0,5,inputs/double/matrix_n2048_d0.bin,inputs/double/kernel_k5.bin,0.3010924239199999,0.305563032,0.04051954030411466,0.3010924239199999,0.305563032,0.04051954030411466,0.3010924239199999,0.305563032,0.04051954030411466,473182571.08,474178009.0,1447905.0975950789,898090339.44,898090338.0,10.747871181947042,1.897995942998538,1.8939940490942035,0.005821770772436533,460317.82,463299.5,10412.671988809143,137228.42,137850.5,2382.0301501716026,0.2981693924588684,0.29792670255548204,0.0036396423323287927,113411127.56,113411128.0,2.619861348862679,6112.9,6079.5,98.06417099355444,5.390035467899847e-05,5.360585168678049e-05,8.646785829632286e-07,4025163.12,4025641.5,13479.170079278736,442028.46,442523.0,2844.5293804646317,2088689.1449682668,2088689.144968265,0.0,208896800,208896800,0.0,0.705424123822897,0.6836501382879163,0.08930760321202348,50,0.13457509085276978,0.13457509085276978,0.13457509085276978,0.003059929055058718,1.196747221292774e-08,0.003067325193139792,0.022620614576270678,0.017358140173672498,0.012206626247966985,2.31005669833998e-08,0.016042168364205932,0.016042168703949897,0.0033487264186398327,0.006435172478407004,0.0,0.0,0.12660128877935134
conv_linear,conv_linear_double_full,double,full,2048,0,7,inputs/double/matrix_n2048_d0.bin,inputs/double/kernel_k7.bin,0.4112303551,0.40954677,0.031822025267686835,0.4112303551,0.40954677,0.031822025267686835,0.4112303551,0.40954677,0.031822025267686835,778776289.5,779379952.0,1404498.3653330875,1717825947.8,1717825948.0,7.362342078547502,2.2058085988530025,2.2040930611101697,0.003987311151442092,472379.1,475265.0,9160.655932423442,138615.98,139241.5,2382.0776259220315,0.29346796052676305,0.2932640209404873,0.0029346335701221963,184084678.72,184084679.0,2.996869119958899,6338.0,6325.0,109.57710918409379,3.442980721830484e-05,3.435918758442463e-05,5.952538856422792e-07,9555541.44,9555448.0,36032.96683631451,442793.28,443006.5,2140.8757319358447,2084618.7256200474,2084618.725620049,0.0,408636872,408636872,0.0,0.9992697828297752,0.9978069628076321,0.07378469550957363,50,0.0773824813101372,0.0773824813101372,0.0773824813101372,0.001803468318526777,4.285848684481899e-09,0.001807641494151148,0.019392593644433978,0.017184725930747893,0.009999843133998848,1.6279840021435214e-08,0.01728890962197756,0.01728891137461288,0.0037708974486237497,0.004834932752222085,0.0,0.0,0.07383861373314718
conv_linear,conv_linear_double_full,double,full,2048,1,3,inputs/double/matrix_n2048_d1.bin,inputs/double/kernel_k3.bin,0.20019581043999995,0.199237135,0.03237550247988139,0.20019581043999995,0.199237135,0.03237550247988139,0.20019581043999995,0.199237135,0.03237550247988139,271002299.48,271466525.0,1047115.659997456,560723993.94,560723995.0,8.029054387392865,2.069105170558343,2.0655364063882855,0.008054375505442014,416671.4,419781.0,12070.855984729571,140833.44,141708.0,3627.4181753384187,0.33808508627460193,0.3381038566337387,0.006376841513721914,71762513.7,71762514.0,3.1249489799718146,6010.62,5998.0,51.27273612152709,8.375709948685844e-05,8.358124306196786e-05,7.144769739569267e-07,2737670.86,2737596.0,7931.924925313947,444100.58,444174.0,5053.655924947314,-2267.8953463822986,-2267.895346382299,0.0,75350088,75350088,0.0,0.3854853173080383,0.3781952970207302,0.05823496481465601,50,0.16171918087958465,0.16171918087958465,0.16171918087958465,0.0038638626388287647,1.43190847443065e-08,0.003892685408189551,0.028969725267271932,0.025756795938084154,0.018861646883005272,4.354570121436276e-08,0.008530357287855011,0.008530345228454679,0.0028973259865555743,0.011379530116685084,0.0,0.0,0.1510692163876138
conv_linear,conv_linear_double_full,double,full,2048,1,5,inputs/double/matrix_n2048_d1.bin,inputs/double/kernel_k5.bin,0.2961353442800001,0.3070415955,0.04098727035709535,0.2961353442800001,0.3070415955,0.04098727035709535,0.2961353442800001,0.3070415955,0.04098727035709535,472692886.08,473479586.5,1758205.0815675633,898089800.36,898089800.0,9.119971358701862,1.8999693399054365,1.8967867896357227,0.00707493198545766,459456.82,460525.5,11296.365002648472,139110.4,140377.0,3436.985134725858,0.30278958677209133,0.3028345688662379,0.003488467743215634,113411017.0,113411017.0,2.3123448667852506,6095.28,6085.0,55.022088328975755,5.374504312936108e-05,5.365439985054579e-05,4.851564765646954e-07,4022548.42,4021246.5,13948.393079988715,444348.26,444256.0,2634.610855438013,-2180.464117673079,-2180.464117673077,0.0,208896800,208896800,0.0,0.7182920392085382,0.6803537657965797,0.09573790329083036,50,0.13840722206512884,0.13840722206512884,0.13840722206512884,0.0037195505440079744,1.015485462037996e-08,0.0037237085024802493,0.02458634742356958,0.02470688844777859,0.011521095492102876,2.0389067375925662e-08,0.009026999305852358,0.009026999483411948,0.0034675513191184198,0.005929157583373935,0.0,0.0,0.1332854856588982
conv_linear,conv_linear_double_full,double,full,2048,1,7,inputs/double/matrix_n2048_d1.bin,inputs/double/kernel_k7.bin,0.40906590974,0.40072555649999997,0.03174894046720333,0.40906590974,0.40072555649999997,0.03174894046720333,0.40906590974,0.40072555649999997,0.03174894046720333,778886504.36,779336374.5,1272131.4003898602,1717825407.92,1717825406.5,8.131169565355396,2.205494513284865,2.204215622043962,0.0036127071005839333,474963.52,477193.0,7337.551905709401,139688.86,140270.0,2171.8893778910324,0.29411283842147773,0.29389594692545445,0.002322458408317393,184084560.82,184084561.0,3.2868941972598162,6313.34,6312.0,97.422833932444,3.42958690935549e-05,3.428859035536737e-05,5.292287083828626e-07,9559820.66,9561424.0,36864.78919445278,442781.14,443277.5,2676.896192402308,-2128.900886366745,-2128.900886366747,0.0,408636872,408636872,0.0,1.0044261179783822,1.0197785544235622,0.0722606833857985,50,0.07761326405170936,0.07761326405170936,0.07761326405170936,0.001633269280272294,4.733408603614081e-09,0.0016380485550168812,0.015448664153637316,0.015548049986885372,0.007896487690854213,1.7855349642677417e-08,0.015431266798943822,0.015431266865965462,0.003856221837790499,0.006045641854579235,0.0,0.0,0.07194225846221347
conv_linear,conv_linear_double_full,double,full,2048,2,3,inputs/double/matrix_n2048_d2.bin,inputs/double/kernel_k3.bin,0.20993512752000001,0.21018478699999998,0.03509010642099577,0.20993512752000001,0.21018478699999998,0.03509010642099577,0.20993512752000001,0.21018478699999998,0.03509010642099577,270749398.84,271296577.5,1201879.177837895,560724509.28,560724508.0,8.139197168854006,2.0710495073721407,2.0668322071668186,0.009254094126451149,412380.94,412741.0,13035.789481442627,140312.42,141606.0,3655.1173972044894,0.34035738518550607,0.33951424062911684,0.006110545544335422,71762625.66,71762625.0,4.1728471211251765,6035.42,6029.0,56.15470249449197,8.41025526023383e-05,8.401309177305039e-05,7.825054051659217e-07,2737949.8,2738427.0,6078.405037171999,442502.0,444530.5,5932.370352565651,4186610.579009921,4186610.579009921,0.0,75350088,75350088,0.0,0.3686661565832934,0.35849455127742563,0.06035130002790741,50,0.16714737945726982,0.16714737945726982,0.16714737945726982,0.004439083458678881,1.4515500988721122e-08,0.004468311401301672,0.03161103779782506,0.026049849309166567,0.017953321450642157,5.8147915892814014e-08,0.009304191339540906,0.009304181394658,0.0022200571526811773,0.013406426078448575,0.0,0.0,0.1637017636422836
conv_linear,conv_linear_double_full,double,full,2048,2,5,inputs/double/matrix_n2048_d2.bin,inputs/double/kernel_k5.bin,0.29397687446000004,0.276280217,0.04607474121282355,0.29397687446000004,0.276280217,0.04607474121282355,0.29397687446000004,0.276280217,0.04607474121282355,473243374.4,474052836.5,1472360.031135571,898090340.42,898090336.5,11.139358437689014,1.8977526906961522,1.8944941630631682,0.005923237943938738,462076.14,464509.5,9397.015963635282,140013.6,140911.0,2450.9215925976114,0.3030481312738169,0.3033167015073598,0.0036918641975080438,113411127.64,113411128.0,2.3712564461049443,6103.82,6088.5,87.70304488233361,5.382029195098296e-05,5.3685207323443405e-05,7.733196226580629e-07,4022913.44,4023297.5,11260.257002468012,443662.2,444342.5,3083.679918009439,4178419.6620898154,4178419.66208981,0.0,208896800,208896800,0.0,0.726751284827313,0.756178050972739,0.10582779947727824,50,0.15672913489354318,0.15672913489354318,0.15672913489354318,0.0031112110824632203,1.240338297423352e-08,0.0031211853751954995,0.020336509830685655,0.017504882329985167,0.012182435120090832,2.090849897579719e-08,0.014368550331158785,0.014368551240159878,0.0027990303968528866,0.006950513066043127,0.0,0.0,0.14561762969903042
conv_linear,conv_linear_double_full,double,full,2048,2,7,inputs/double/matrix_n2048_d2.bin,inputs/double/kernel_k7.bin,0.41638781676000003,0.41285957549999996,0.03732227669710407,0.41638781676000003,0.41285957549999996,0.03732227669710407,0.41638781676000003,0.41285957549999996,0.03732227669710407,778852142.0,779350061.5,1154865.5778130176,1717825968.56,1717825966.5,9.62810512948403,2.20559151851649,2.204177611398392,0.003278070810605216,474580.96,475766.0,6698.773302140423,139621.12,140318.5,2077.806325951306,0.2942038300070984,0.29416509612903236,0.002234049320284278,184084679.08,184084679.0,3.4749247463332957,6323.24,6315.5,96.11335994118437,3.4349626656202725e-05,3.430758071308037e-05,5.221147578493316e-07,9554788.86,9560179.0,31464.390461320858,442532.1,442475.0,2182.2421183877136,4170219.37258139,4170219.3725813874,0.0,408636872,408636872,0.0,0.988735773956333,0.9897732533924016,0.08401015168839623,50,0.0896334503432796,0.0896334503432796,0.0896334503432796,0.0014827789711760434,5.604819874480633e-09,0.0014862547226378935,0.014115132857711828,0.01488174801886209,0.007593542613739516,1.88767732529395e-08,0.015200017703137059,0.015200012596208236,0.003293049268000346,0.004931262881015216,0.0,0.0,0.08496724190754981
conv_linear,conv_linear_double_skip_kernel,double,skip_kernel,512,0,3,inputs/double/matrix_n512_d0.bin,inputs/double/kernel_k3.bin,0.008657688099999996,0.0078942675,0.0012373109306577522,0.008657688099999996,0.0078942675,0.0012373109306577522,0.008657688099999996,0.0078942675,0.0012373109306577522,10529547.4,10545738.5,48143.67814730224,21258540.3,21258540.0,0.7354021534124878,2.018983049670321,2.015841755397836,0.00927130481633598,12875.82,12842.5,435.6452727546456,1502.64,1472.5,146.54507699624958,0.11669372543694094,0.11652022686149918,0.010408627998226,3202192.52,3202192.0,0.7068181070747629,3945.62,3939.0,81.5389953034867,0.0012321620176968904,0.0012300945008623778,2.546343272934502e-05,125347.78,125321.5,513.2613325687039,1342.14,1308.5,375.45232638479564,129879.05861653486,129879.05861653495,0.0,2080800,2080800,0.0,0.24419888363716993,0.26358368819868705,0.02798059109438455,50,0.14291470382927662,0.14291470382927662,0.14291470382927662,0.004572245730837608,3.4593257252591693e-08,0.0045920666931056646,0.03383437115109139,0.09752507386749293,0.08919612394970305,2.207294229376199e-07,0.020665699003828728,0.02066565302584175,0.004094698227353559,0.2797415518387021,0.0,0.0,0.114581158921095
conv_linear,conv_linear_double_skip_kernel,double,skip_kernel,512,0,5,inputs/double/matrix_n512_d0.bin,inputs/double/kernel_k5.bin,0.010696020039999999,0.0096456025,0.0016600831816552348,0.010696020039999999,0.0096456025,0.0016600831816552348,0.010696020039999999,0.0096456025,0.0016600831816552348,14627383.2,14638214.5,51413.56094872758,36847836.72,36847837.0,0.9044109600403519,2.5191302763501158,2.517235771183673,0.008874937363883777,13975.98,13916.0,533.7058537877837,1464.76,1450.5,137.80710564897203,0.10478604181460927,0.10425141294380819,0.008642444741683493,5244323.0,5244323.0,0.832993127828597,4460.1,4452.5,49.056090345644144,0.000850462490649597,0.0008490133854550425,9.354138175349693e-06,151069.12,151144.5,764.1837486054351,1177.9,1134.0,154.53079080274733,128850.25848674656,128850.25848674649,0.0,4645152,4645152,0.0,0.44263072317571883,0.4815847418722179,0.05555696495088502,50,0.15520569103713414,0.15520569103713414,0.15520569103713414,0.0035148843949564116,2.45444791484723e-08,0.0035230164343633625,0.03818736530731896,0.09408169642055492,0.08247706079950969,1.5883711354708645e-07,0.010998876784297245,0.010998883875766056,0.005058504005354868,0.13119177417671052,0.0,0.0,0.12551538346069485
conv_linear,conv_linear_double_skip_kernel,double,skip_kernel,512,0,7,inputs/double/matrix_n512_d0.bin,inputs/double/kernel_k7.bin,0.013452669079999997,0.012959512999999999,0.0017514835337483082,0.013452669079999997,0.012959512999999999,0.0017514835337483082,0.013452669079999997,0.012959512999999999,0.0017514835337483082,21812757.74,21827985.0,52890.56804878173,54238672.78,54238673.0,0.8154127537592346,2.4865716971420917,2.4848226822759614,0.006043570188289688,15213.7,15204.5,403.4789653875452,1583.78,1586.0,82.74753587797977,0.10413134970341714,0.10361510358774581,0.005277996422320379,6742021.82,6742022.0,0.7196938124301926,4479.54,4470.0,107.0876448217505,0.0006644208689045366,0.0006630058950803416,1.588358144731413e-05,200392.8,200360.5,704.8044163497584,1486.72,1355.0,631.1334488078426,127834.68744395419,127834.68744395424,0.0,8193152,8193152,0.0,0.6155858679010856,0.6325101006809734,0.05283466553421409,50,0.13019598737861088,0.13019598737861088,0.13019598737861088,0.002424753838062006,1.5033788844108853e-08,0.002430482979934094,0.02652076519108075,0.05224686249225257,0.05068595036319959,1.0674747600122608e-07,0.02390594677617579,0.023905903909222738,0.00351711446893181,0.424513996453833,0.0,0.0,0.08582826261811413
conv_linear,conv_linear_double_skip_kernel,double,skip_kernel,512,1,3,inputs/double/matrix_n512_d1.bin,inputs/double/kernel_k3.bin,0.0087553366,0.0083780605,0.0013046782570861947,0.0087553366,0.0083780605,0.0013046782570861947,0.0087553366,0.0083780605,0.0013046782570861947,10522435.14,10536021.0,49277.83987861535,21257922.24,21257922.0,0.6869037310997216,2.020291140802068,2.017642335788036,0.009530874068215487,13094.5,13069.0,399.21930191363236,1511.02,1508.0,151.25630228057224,0.1153970521457299,0.11383501363835014,0.01100355682544608,3202069.42,3202069.0,0.7309485031937791,3965.12,3935.5,127.04388443143799,0.0012382991967943068,0.0012290487090676453,3.967545639310233e-05,125435.12,125484.0,476.8468560047669,1236.06,1237.5,121.65833891916918,322.90870928700633,322.908709287006,0.0,2080800,2080800,0.0,0.24156298981158056,0.24845939679308449,0.027541928907771178,50,0.14901520257784204,0.14901520257784204,0.14901520257784204,0.004683121275919345,3.2312834873730426e-08,0.004717574549394733,0.030487555990196827,0.10010211796043218,0.09535388141068082,2.2827378401864228e-07,0.03204036307386359,0.03204028274896216,0.003801541832979208,0.09842429891685613,0.0,0.0,0.11401551590851694
conv_linear,conv_linear_double_skip_kernel,double,skip_kernel,512,1,5,inputs/double/matrix_n512_d1.bin,inputs/double/kernel_k5.bin,0.011342709959999997,0.0103906205,0.0023798895671326465,0.011342709959999997,0.0103906205,0.0023798895671326465,0.011342709959999997,0.0103906205,0.0023798895671326465,14611528.76,14622712.5,67915.12538322207,36847245.9,36847246.0,0.9091372905332139,2.521846190143795,2.51986499950246,0.011753020400694052,14019.2,14030.5,523.6261713731839,1531.02,1528.0,248.50840662493755,0.10895724539598327,0.10939307387474975,0.013796219351917475,5244206.7,5244207.0,0.6468132240005766,4452.84,4443.0,55.049276626881024,0.0008490969662360202,0.0008472205616597515,1.04971489170952e-05,151257.54,151201.5,718.5995793974581,1214.58,1186.5,207.8233246912249,320.21049641506585,320.210496415066,0.0,4645152,4645152,0.0,0.42391242852025174,0.4471360575655826,0.07096683453434326,50,0.20981666422973994,0.20981666422973994,0.20981666422973994,0.004648050624869869,2.467314091806286e-08,0.004660482644274153,0.037350645641205195,0.16231558478983785,0.12662048587753738,1.2333862126383702e-07,0.01236273403645337,0.012362721025406831,0.004750834764319571,0.1711071520124034,0.0,0.0,0.1674091858596048
conv_linear,conv_linear_double_skip_kernel,double,skip_kernel,512,1,7,inputs/double/matrix_n512_d1.bin,inputs/double/kernel_k7.bin,0.01386602202,0.01289788,0.0018741006189258425,0.01386602202,0.01289788,0.0018741006189258425,0.01386602202,0.01289788,0.0018741006189258425,21925243.16,21939304.0,75337.90907674232,54238104.66,54238104.5,1.1358715076470562,2.473803115280358,2.4721889603938476,0.008535451557488978,16529.92,16803.0,773.2765917489928,2095.16,2129.5,231.14968734390217,0.12647651539363558,0.1277512789021522,0.010106024471420835,6741906.6,6741907.0,0.8571428571159607,4445.72,4438.5,79.98419231578308,0.000659415839171455,0.0006583448867465708,1.1863718339703203e-05,200728.7,200673.5,719.7242173079879,1848.78,1905.0,248.36989284828664,292.8343316391457,292.834331639146,0.0,8193152,8193152,0.0,0.5992414875349967,0.635232640720979,0.06366514759338295,50,0.13515777028355264,0.13515777028355264,0.13515777028355264,0.00343612650162929,2.0942315642617743e-08,0.0034503358431261615,0.046780419490777506,0.11032555382114119,0.07990435568190377,1.2713656654869126e-07,0.017991279773756124,0.01799125473632809,0.0035855571092125236,0.13434258962574597,0.0,0.0,0.10624289024992581
conv_linear,conv_linear_double_skip_kernel,double,skip_kernel,512,2,3,inputs/double/matrix_n512_d2.bin,inputs/double/kernel_k3.bin,0.008738211400000003,0.0080677195,0.0010681393384826166,0.008738211400000003,0.0080677195,0.0010681393384826166,0.008738211400000003,0.0080677195,0.0010681393384826166,10575742.52,10594316.0,59834.500407284664,21258529.44,21258529.0,0.7602362677542549,2.010185047654916,2.006597688836238,0.011427076152588252,14293.2,14367.0,572.6910339861821,1987.72,1981.0,223.1253002055946,0.13885382239032487,0.1379360855231334,0.012471645816285988,3202191.46,3202191.0,0.8134080482654438,3947.72,3943.0,51.29030620111449,0.0012328182271145209,0.0012313444138717473,1.601721656550532e-05,125550.38,125531.0,562.8696477943739,1795.14,1738.0,247.197847721956,260017.4135407978,260017.41354079798,0.0,2080800,2080800,0.0,0.24105702368859336,0.2579167510202436,0.024793197906971345,50,0.12223775433982019,0.12223775433982019,0.12223775433982019,0.005657711531283069,3.5761470232451546e-08,0.005684589170494076,0.04006737707344626,0.1122518766252765,0.08981852715028314,2.5401605694915064e-07,0.012992387049009173,0.012992358656956672,0.004483217396828061,0.1377039382566017,0.0,0.0,0.1028520037607373
conv_linear,conv_linear_double_skip_kernel,double,skip_kernel,512,2,5,inputs/double/matrix_n512_d2.bin,inputs/double/kernel_k5.bin,0.010975507979999997,0.009692916499999999,0.0019820947300775724,0.010975507979999997,0.009692916499999999,0.0019820947300775724,0.010975507979999997,0.009692916499999999,0.0019820947300775724,14631356.72,14654485.0,69823.89164235408,36847876.02,36847876.0,0.8204030875936992,2.5184747225435147,2.5144437420132366,0.012071874876792728,14183.24,14161.0,410.55018137685863,1534.42,1510.5,139.4129221311384,0.10813400242071756,0.10801565921988496,0.008683571037012915,5244329.82,5244330.0,0.7475128829718987,4460.1,4456.0,56.17547216952772,0.0008504613849576753,0.00084967939666661,1.071168841526219e-05,151136.26,151081.5,707.7837445008093,1289.84,1239.5,200.94840032166647,257983.77677321678,257983.77677321708,0.0,4645152,4645152,0.0,0.434383421674355,0.4792327529532249,0.063598831979592,50,0.18059252780731638,0.18059252780731638,0.18059252780731638,0.004772208960424695,2.2264596394875168e-08,0.00479332779032256,0.028946149213921406,0.0908570809368611,0.08030379753472637,1.4253735150698408e-07,0.01259511494574734,0.012595149650204607,0.004683083625999541,0.15579327693486517,0.0,0.0,0.14641173858442105
conv_linear,conv_linear_double_skip_kernel,double,skip_kernel,512,2,7,inputs/double/matrix_n512_d2.bin,inputs/double/kernel_k7.bin,0.013546251820000004,0.0132585525,0.0013015353036549533,0.013546251820000004,0.0132585525,0.0013015353036549533,0.013546251820000004,0.0132585525,0.0013015353036549533,21806162.72,21823672.5,66331.6108405003,54238687.44,54238687.0,0.8121525950257984,2.4873326627567294,2.4853144240955207,0.0075893541232338576,15361.42,15322.5,534.2432790634709,1704.16,1664.5,184.90034381487,0.11083936507359321,0.10958778636481986,0.010019458529561561,6742027.74,6742028.0,0.8762163557223595,4441.76,4435.0,59.73497932620414,0.0006588166304938607,0.0006578139884478407,8.860072243251857e-06,200208.38,200260.5,666.9649775096756,1614.36,1446.0,672.8995970834743,255964.83453831464,255964.83453831484,0.0,8193152,8193152,0.0,0.6094499911999044,0.6179533844354421,0.04949439783246344,50,0.09608084368646802,0.09608084368646802,0.09608084368646802,0.0030418745238318715,1.497367715478401e-08,0.003051201890631919,0.03477824830409369,0.1084994037032145,0.09039621007310006,1.2996332698600842e-07,0.01344849323831187,0.0134484647672148,0.00333135394986801,0.4168212772141743,0.0,0.0,0.08121158183137768
conv_linear,conv_linear_double_skip_kernel,double,skip_kernel,1024,0,3,inputs/double/matrix_n1024_d0.bin,inputs/double/kernel_k3.bin,0.03490219178000001,0.031123537,0.007480828944145817,0.03490219178000001,0.031123537,0.007480828944145817,0.03490219178000001,0.031123537,0.007480828944145817,41768458.68,41885695.0,277996.8593244585,84721961.72,84721962.0,1.7028187901163696,2.0284612083867453,2.0226944096266997,0.013715368497544804,83493.54,85402.0,5180.039371097716,26721.94,27320.0,1653.7537932145267,0.32011425849284764,0.31955876924262594,0.006325256606563114,12719761.62,12719761.0,1.9576120397133678,5820.6,5951.5,295.516911356963,0.00045760291610256657,0.0004678940299337861,2.323291124389778e-05,541957.86,542166.0,1326.6974034828631,74878.14,76311.5,4170.956954797726,521989.65856087237,521989.658560873,0.0,8355872,8355872,0.0,0.24791981739221552,0.26847512645496185,0.041104069750734044,50,0.21433693881748006,0.21433693881748006,0.21433693881748006,0.0066556647793559074,2.00989065355222e-08,0.006761464523372754,0.062041199487980946,0.06188748995074934,0.019759371657930822,1.5390320182064606e-07,0.050770867497674295,0.050770898581184706,0.0024479715147647514,0.05570326606400381,0.0,0.0,0.16579582133890633
conv_linear,conv_linear_double_skip_kernel,double,skip_kernel,1024,0,5,inputs/double/matrix_n1024_d0.bin,inputs/double/kernel_k5.bin,0.04473866434,0.038720674999999996,0.01011647742305094,0.04473866434,0.038720674999999996,0.01011647742305094,0.04473866434,0.038720674999999996,0.01011647742305094,58414982.44,58463907.5,222375.34175538196,147880227.38,147880226.5,2.761912972963428,2.5315824269818212,2.529427682332523,0.009708165021687283,85749.78,87982.0,5595.075058459531,26458.22,26936.0,1725.9217506560815,0.3086306482722858,0.3074946827316203,0.006730404028069681,20998063.48,20998064.0,1.265556261848571,4986.68,4993.5,48.161480077602555,0.00023748285195621354,0.00023780764354826858,2.2936192590144767e-06,681022.08,680839.0,1775.6013277484417,77013.16,77122.5,2834.4976545182376,519957.684691417,519957.68469141674,0.0,18727200,18727200,0.0,0.4361166891889696,0.48366274108575313,0.0799069277285487,50,0.2261238142061829,0.2261238142061829,0.2261238142061829,0.0038068203133295674,1.8676688708804094e-08,0.003834820829144978,0.06524885613070414,0.06523196763259514,0.02180730937042863,6.027014172302002e-08,0.009658024994104805,0.009658041581197483,0.002607259558674576,0.03680536747898979,0.0,0.0,0.1832237327976343
conv_linear,conv_linear_double_skip_kernel,double,skip_kernel,1024,0,7,inputs/double/matrix_n1024_d0.bin,inputs/double/kernel_k7.bin,0.05423783856000001,0.0504624305,0.008983878380781919,0.05423783856000001,0.0504624305,0.008983878380781919,0.05423783856000001,0.0504624305,0.008983878380781919,87799512.9,87821397.0,151265.59743469767,218832325.74,218832325.0,2.5936342791489384,2.4924166263440157,2.491788254266692,0.004317324231997181,94625.9,95220.5,5571.719183812597,27809.4,27604.0,1938.0204922991472,0.29378221872310545,0.2931823034557901,0.0065674504237315575,27138573.94,27138573.0,2.4278150094069564,5023.9,5008.0,85.61643223930643,0.0001851202650090087,0.00018453439628289949,3.15478695330193e-06,830385.06,830546.5,2360.365549430587,76041.32,76150.5,5254.986263559981,517922.0262628338,517922.0262628335,0.0,33162368,33162368,0.0,0.6242449280094717,0.6571743877620204,0.07948414423529615,50,0.1656385766708532,0.1656385766708532,0.1656385766708532,0.0017228523534860939,1.1852153334194776e-08,0.001732184012241171,0.05888154494501609,0.0696894033060457,0.022354826143924957,8.945993311124424e-08,0.017041826517109504,0.01704182388215793,0.0028424952026841464,0.06910698372358581,0.0,0.0,0.12732845822031272
conv_linear,conv_linear_double_skip_kernel,double,skip_kernel,1024,1,3,inputs/double/matrix_n1024_d1.bin,inputs/double/kernel_k3.bin,0.035218052200000016,0.031064600499999998,0.007981288867363982,0.035218052200000016,0.031064600499999998,0.007981288867363982,0.035218052200000016,0.031064600499999998,0.007981288867363982,41774105.14,41908107.5,307297.69987869216,84721574.76,84721574.0,2.0057061445984594,2.028197534047729,2.021603423585925,0.015149891411799569,84701.94,86700.5,5147.464846238906,27485.12,27993.5,1620.5748871613307,0.3245657265929104,0.3247528127924775,0.004857037157334778,12719678.24,12719678.0,1.6849877367185944,5818.64,5976.0,307.9616832778826,0.0004574518239659242,0.000469823214078218,2.4211452287428656e-05,542103.94,542088.0,1046.1877423507278,77442.6,78204.5,4484.271710714039,-1468.031446041211,-1468.031446041211,0.0,8355872,8355872,0.0,0.24660736180543225,0.26898480312892353,0.042697806047908446,50,0.22662493717821164,0.22662493717821164,0.22662493717821164,0.007356176723566607,2.3674089513565356e-08,0.007469633089221106,0.06077151061993274,0.05896189964465612,0.014964725968822834,1.3247094029625347e-07,0.05292674633211242,0.05292678052417642,0.0019298655943189196,0.05790445711680701,0.0,0.0,0.17314084111404618
conv_linear,conv_linear_double_skip_kernel,double,skip_kernel,1024,1,5,inputs/double/matrix_n1024_d1.bin,inputs/double/kernel_k5.bin,0.04432452249999999,0.038989800500000005,0.010005979212335415,0.04432452249999999,0.038989800500000005,0.010005979212335415,0.04432452249999999,0.038989800500000005,0.010005979212335415,58432416.64,58481658.5,222552.0219340383,147879803.12,147879802.0,2.9041841732176445,2.530819914266038,2.5286526553357143,0.009723007324751036,87462.22,89143.0,5866.25907041485,27068.88,27612.5,1945.7224841446746,0.30949396257029815,0.30911822035046854,0.007512771364488512,20997972.5,20997973.0,1.5016997173644233,4972.96,4971.0,47.511957678556904,0.00023683048440967808,0.00023673713084627863,2.2626864590457873e-06,680815.48,680896.0,1510.207435947741,79017.22,78424.0,3909.6879581629146,-1449.3889912174338,-1449.388991217433,0.0,18727200,18727200,0.0,0.43999645948749433,0.48031069526046366,0.07996236590055454,50,0.22574364365313618,0.22574364365313618,0.22574364365313618,0.003808708157753824,1.963881552412527e-08,0.0038418408476807013,0.06707192054369132,0.07188042076896696,0.024274371306296706,7.151641509028662e-08,0.009554059891605182,0.009554033825863856,0.002218233104728672,0.04947893583402345,0.0,0.0,0.1817341121192073
conv_linear,conv_linear_double_skip_kernel,double,skip_kernel,1024,1,7,inputs/double/matrix_n1024_d1.bin,inputs/double/kernel_k7.bin,0.05535952486000001,0.050830545500000004,0.009176219252470369,0.05535952486000001,0.050830545500000004,0.009176219252470369,0.05535952486000001,0.050830545500000004,0.009176219252470369,87795490.04,87816233.0,110843.10512777118,218831970.12,218831969.0,2.760065073056509,2.4925233866549865,2.4919307636009322,0.003148850959505974,94925.38,96200.0,5277.634495970824,28166.6,28330.0,1874.3580996475266,0.29662550104260577,0.29560131480553187,0.00709093210829607,27138496.42,27138496.0,3.143441501962454,4992.76,4988.5,40.31587523443303,0.00018397334631192728,0.0001838163562392151,1.4855616440295223e-06,830429.24,830679.0,2932.519342873392,77813.4,78464.5,5319.574564851998,-1420.6395511638457,-1420.639551163845,0.0,33162368,33162368,0.0,0.612132895484102,0.6524105928992939,0.0812591527875845,50,0.1657568282183838,0.1657568282183838,0.1657568282183838,0.0012625147952049767,1.2612714090829522e-08,0.001263318521448977,0.05559771787029795,0.0665454154795938,0.023905335459602193,1.1582961168201866e-07,0.00807486745496139,0.00807487428918507,0.0035313295842923256,0.06836321976487338,0.0,0.0,0.13274756737803012
conv_linear,conv_linear_double_skip_kernel,double,skip_kernel,1024,2,3,inputs/double/matrix_n1024_d2.bin,inputs/double/kernel_k3.bin,0.0354173824,0.0313612965,0.007674209008106995,0.0354173824,0.0313612965,0.007674209008106995,0.0354173824,0.0313612965,0.007674209008106995,41810684.22,41895195.0,256160.68318070253,84722112.7,84722112.0,2.1213203403719114,2.02640247332412,2.022239377498181,0.012593064420023222,84853.02,87225.5,6115.675748168366,27775.76,28224.5,2127.0320470034267,0.32732934626980176,0.32615664440560244,0.007074914943571567,12719795.2,12719795.0,1.653690986182747,5781.4,5952.5,316.6224172449586,0.00045451989722919433,0.00046797136007260137,2.4892110926854573e-05,542080.9,542031.5,1132.5968760655558,77823.48,78345.5,5444.355966259643,1044520.989206694,1044520.9892066931,0.0,8355872,8355872,0.0,0.2446992044446024,0.26644039482928206,0.04176447931693792,50,0.21667916960760472,0.21667916960760472,0.21667916960760472,0.0061266800091773896,2.503856753293537e-08,0.006214493214354156,0.07207375468979614,0.07657871637008049,0.02161405637531826,1.3000924623241944e-07,0.054765699872861014,0.05476572330188348,0.002089350272377344,0.0699577552463555,0.0,0.0,0.17067680874456218
conv_linear,conv_linear_double_skip_kernel,double,skip_kernel,1024,2,5,inputs/double/matrix_n1024_d2.bin,inputs/double/kernel_k5.bin,0.043653038699999994,0.038128779,0.010161687721571585,0.043653038699999994,0.038128779,0.010161687721571585,0.043653038699999994,0.038128779,0.010161687721571585,58416159.68,58476984.0,253332.93564362192,147880354.9,147880354.0,2.704870893646916,2.531544593056762,2.528864286502258,0.011110381993994488,88065.56,89354.0,6462.320740528853,27322.82,27433.5,2136.267646324938,0.3102716842016753,0.30922348584392045,0.008273324676006775,20998095.68,20998095.5,1.3915195044141981,4997.94,4975.5,85.52894485589802,0.00023801872681396152,0.0002369500492552047,4.0731740442906734e-06,680938.08,680750.0,1647.916171337343,78186.34,77609.0,4255.887703798933,1040485.3895574306,1040485.3895574313,0.0,18727200,18727200,0.0,0.4471270455988494,0.49115667465024493,0.08027547951696225,50,0.23278305529671148,0.23278305529671148,0.23278305529671148,0.004336692741038843,1.8290941318581568e-08,0.004388775937215091,0.07338079426882488,0.07818620648691965,0.026664775089914907,6.626884292843637e-08,0.017112839461037553,0.01711283014917695,0.0024200675799146715,0.054432624724458686,0.0,0.0,0.17953617502481228
conv_linear,conv_linear_double_skip_kernel,double,skip_kernel,1024,2,7,inputs/double/matrix_n1024_d2.bin,inputs/double/kernel_k7.bin,0.05791041919999999,0.0509071875,0.01279625454002527,0.05791041919999999,0.0509071875,0.01279625454002527,0.05791041919999999,0.0509071875,0.01279625454002527,87728968.82,87754070.5,199102.25955407482,218832513.5,218832512.0,3.3760863708885807,2.494428333206475,2.4937021342553765,0.005698943248733994,93611.0,94920.5,5723.142671715981,27570.9,27780.5,1888.3886582189048,0.29449337085800703,0.29325390921581,0.007397950532187784,27138613.28,27138613.0,2.5236837348455627,4999.12,4981.0,55.87838105553663,0.0001842069065325857,0.00018353922508862187,2.0589987771908084e-06,830115.9,829919.5,2585.095365943085,78852.78,78195.0,6261.507666427846,1036443.7743420767,1036443.7743420773,0.0,33162368,33162368,0.0,0.5947607485565881,0.6514315727661051,0.10317642131550137,50,0.22096636005745354,0.22096636005745354,0.22096636005745354,0.0022695155571996707,1.5427718289625096e-08,0.0022846690653999507,0.061137501700825554,0.06849209341076659,0.025120940789376142,9.299236143010335e-08,0.011177643476359165,0.011177641576791677,0.0031141378763412256,0.0794075702394747,0.0,0.0,0.1734755051773305
conv_linear,conv_linear_double_skip_kernel,double,skip_kernel,2048,0,3,inputs/double/matrix_n2048_d0.bin,inputs/double/kernel_k3.bin,0.14729264740000003,0.140750861,0.027938202476385326,0.14729264740000003,0.140750861,0.027938202476385326,0.14729264740000003,0.140750861,0.027938202476385326,166073048.4,166648051.5,1266530.929228485,338860474.06,338860473.0,6.119256987849072,2.0405478402306314,2.033389964885526,0.015731906183244194,396141.92,396637.0,14230.168503082537,136937.66,138227.5,3579.911272472478,0.3458409553206468,0.3451809849079993,0.006298675041441247,50832059.68,50832059.0,3.496003549358726,6084.92,6089.0,46.41509254893868,0.00011970634354933829,0.00011978660004415097,9.131050235394573e-07,2162090.6,2162218.5,5706.326349602103,436898.36,440195.0,9653.45158481713,2092786.0547141146,2092786.0547141165,0.0,33488928,33488928,0.0,0.23522250673026673,0.2379487702851685,0.04260234410635153,50,0.18967818808031908,0.18967818808031908,0.18967818808031908,0.0076263484137290335,1.8058338036691678e-08,0.007709648297913029,0.03592189512052281,0.02614263506819437,0.018212634867381235,6.877556351969419e-08,0.007627888706661498,0.007627874985281051,0.0026392632897077033,0.022095417306709806,0.0,0.0,0.18111508417519032
conv_linear,conv_linear_double_skip_kernel,double,skip_kernel,2048,0,5,inputs/double/matrix_n2048_d0.bin,inputs/double/kernel_k5.bin,0.17314225308,0.1589181955,0.03084249815874574,0.17314225308,0.1589181955,0.03084249815874574,0.17314225308,0.1589181955,0.03084249815874574,233530281.96,233925771.0,1099465.6924003481,593101187.78,593101185.0,7.791387170939412,2.539774327942624,2.535424725879679,0.012090519615833526,417431.74,421640.5,14514.958482453449,135990.2,137669.0,4081.3818088225667,0.3259079911116013,0.3262116961390344,0.007135618391954614,84165590.62,84165590.5,3.0026518896973298,6183.88,6149.5,134.94710074692233,7.34727809061497e-05,7.306430011095162e-05,1.6033520769741027e-06,2722628.92,2723135.5,6549.756583232135,437157.56,439131.5,6207.7784194097785,2088701.1391905507,2088701.1391905493,0.0,75202848,75202848,0.0,0.4460837325296874,0.4732220582902744,0.06800765117215021,50,0.17813386166630876,0.17813386166630876,0.17813386166630876,0.004708021945473731,1.3136691228191377e-08,0.004760470047599702,0.03477205274915954,0.030012323011677063,0.02189457941063848,3.567552805818271e-08,0.021822399649883622,0.02182239541228392,0.0024056736248993255,0.014200322692371552,0.0,0.0,0.15245490075705512
conv_linear,conv_linear_double_skip_kernel,double,skip_kernel,2048,0,7,inputs/double/matrix_n2048_d0.bin,inputs/double/kernel_k7.bin,0.23602352706000002,0.22835170500000002,0.037209619499351226,0.23602352706000002,0.22835170500000002,0.037209619499351226,0.23602352706000002,0.22835170500000002,0.037209619499351226,351418382.72,351794993.5,1048510.3105208947,879703619.58,879703621.0,8.65693068334741,2.50331624084418,2.5006143755710086,0.007518192364381064,465566.2,468633.5,10813.24633050046,138972.82,140028.5,2913.669085254417,0.29854385054620713,0.29864767591483077,0.004017983655969537,109028922.48,109028922.0,2.742261839704612,6153.44,6123.5,113.7433846472858,5.643860234878427e-05,5.6163996558553795e-05,1.0432406740711742e-06,3320320.58,3319516.5,8059.287197148568,442490.86,442645.5,3038.6818034221646,2084617.9630839985,2084617.9630840009,0.0,133432448,133432448,0.0,0.578414073787085,0.5843295623012563,0.08551591301259895,50,0.1576521627434713,0.1576521627434713,0.1576521627434713,0.0029836524270738488,9.840735550776201e-09,0.003003293088469615,0.02322601239200883,0.020965747728616407,0.013458604652610834,2.5151691655098636e-08,0.018484519983502853,0.018484523546916758,0.00242726176673837,0.006867219366795881,0.0,0.0,0.14784549147066134
conv_linear,conv_linear_double_skip_kernel,double,skip_kernel,2048,1,3,inputs/double/matrix_n2048_d1.bin,inputs/double/kernel_k3.bin,0.1509746848,0.14092216899999999,0.0301748811941916,0.1509746848,0.14092216899999999,0.0301748811941916,0.1509746848,0.14092216899999999,0.0301748811941916,165683628.58,166724096.5,1683498.5639611634,338859950.88,338859951.0,6.212692729021567,2.0454310422931097,2.0324593808458573,0.02090312311496201,400168.32,402666.0,14949.272791595962,141308.66,142404.5,3975.928594449766,0.35326747274101755,0.3527504464330954,0.005053044420068795,50831942.98,50831942.5,2.428487393252692,6072.22,6059.0,96.81526486150868,0.00011945677547648715,0.0001191967086127671,1.904614126632733e-06,2161936.88,2162393.5,5070.6543378423485,443130.28,446384.0,8448.459613347715,-2226.5117942597167,-2226.511794259718,0.0,33488928,33488928,0.0,0.23065639094953855,0.2377699556481937,0.04536067934451407,50,0.1998671580878942,0.1998671580878942,0.1998671580878942,0.010160922828584053,1.8334101486137735e-08,0.010219422059581025,0.037357461958997557,0.028136482183397437,0.014303735299664036,4.7774829189751584e-08,0.01594396528148003,0.015943960642128843,0.0023454220078073457,0.01906540806317211,0.0,0.0,0.19665910473054168
conv_linear,conv_linear_double_skip_kernel,double,skip_kernel,2048,1,5,inputs/double/matrix_n2048_d1.bin,inputs/double/kernel_k5.bin,0.17813705296000001,0.16713349849999998,0.02979201111858115,0.17813705296000001,0.16713349849999998,0.02979201111858115,0.17813705296000001,0.16713349849999998,0.02979201111858115,232995687.26,233822389.5,1584482.272185163,593100648.74,593100647.5,6.924697020287604,2.54565973034703,2.5365434392856603,0.01744584308664215,419617.62,421685.5,12163.826005724972,138620.18,139385.0,3235.8914154608224,0.33047442735303983,0.3313904339464775,0.007179459512760074,84165471.12,84165471.0,3.600680212122209,6165.02,6133.5,117.50388443427256,7.324880281254543e-05,7.287430560509972e-05,1.3961040393379202e-06,2723256.68,2721750.0,7927.246299662317,441309.88,442693.0,6186.038931236654,-2178.0922138583705,-2178.092213858371,0.0,75202848,75202848,0.0,0.43334588649111305,0.45013547231925377,0.06883889106512237,50,0.1672420791943315,0.1672420791943315,0.1672420791943315,0.0068004789737461475,1.1675416364825479e-08,0.006853171646889309,0.028987881885715314,0.02334358111106783,0.021724705207191077,4.278096663878341e-08,0.019059773436951147,0.019059752319921977,0.0029109434883172,0.01401744944218483,0.0,0.0,0.15885437755628515
conv_linear,conv_linear_double_skip_kernel,double,skip_kernel,2048,1,7,inputs/double/matrix_n2048_d1.bin,inputs/double/kernel_k7.bin,0.2342681053799999,0.240806847,0.031069890076379898,0.2342681053799999,0.240806847,0.031069890076379898,0.2342681053799999,0.240806847,0.031069890076379898,350942555.48,351759784.0,1505291.0009156566,879703098.28,879703098.0,7.923202811679576,2.5067323040377265,2.500863221194691,0.010807078444061514,463270.52,465699.5,9993.237699768853,138518.48,139735.0,2872.9570220614573,0.29902763420535705,0.2992602654062583,0.0036194376131164865,109028810.0,109028810.0,2.356060354246041,6134.86,6133.5,55.07731486052032,5.6268246897056874e-05,5.6255772872806494e-05,5.051629179202399e-07,3321821.82,3320402.5,9456.919319088764,443073.2,443178.5,2236.432937897826,-2149.2241001333996,-2149.224100133397,0.0,133432448,133432448,0.0,0.5790351685288406,0.5541432442484251,0.07366808892214549,50,0.13262535258900174,0.13262535258900174,0.13262535258900174,0.004289280332095382,9.006678306773118e-09,0.004311221595801826,0.021571063273719323,0.020740604589809655,0.012104023839585474,2.1609520953645565e-08,0.008977762305989106,0.008977761806662269,0.002846907459680894,0.0050475473079794175,0.0,0.0,0.12722558650334592
conv_linear,conv_linear_double_skip_kernel,double,skip_kernel,2048,2,3,inputs/double/matrix_n2048_d2.bin,inputs/double/kernel_k3.bin,0.14008475739999998,0.12722723149999998,0.025284492920273148,0.14008475739999998,0.12722723149999998,0.025284492920273148,0.14008475739999998,0.12722723149999998,0.025284492920273148,166131177.12,166887181.5,1473451.3536393282,338860504.84,338860503.5,5.304445581826353,2.0398756364408777,2.030476591747359,0.018307770420845623,402306.4,404638.5,10883.21887408429,141801.38,142513.5,2976.250880156551,0.35255996126787964,0.35212538320114534,0.00526591950689975,50832065.42,50832065.0,2.580064863437007,6069.9,6061.0,55.884447108041044,0.0001194108472619684,0.00011923576074240083,1.0993933386531261e-06,2161542.42,2161365.0,4121.669089738563,444138.7,446322.0,7483.3224484413995,4186620.599801389,4186620.5998013853,0.0,33488928,33488928,0.0,0.2461495651872937,0.2632532169859567,0.04021228248140709,50,0.18049424783651125,0.18049424783651125,0.18049424783651125,0.008869204319036539,1.5653773473338114e-08,0.008974944400428522,0.027052064978544437,0.02098887105440406,0.014936238045756521,5.075664036310974e-08,0.009206815121837434,0.009206812981078947,0.00190681850682281,0.016849066402998433,0.0,0.0,0.16336523873527792
conv_linear,conv_linear_double_skip_kernel,double,skip_kernel,2048,2,5,inputs/double/matrix_n2048_d2.bin,inputs/double/kernel_k5.bin,0.17495598316,0.160492101,0.03193881418800991,0.17495598316,0.160492101,0.03193881418800991,0.17495598316,0.160492101,0.03193881418800991,233071565.0,233806904.0,1513129.9482232884,593101224.52,593101222.0,6.710454842251147,2.544823201017106,2.5367138822148076,0.016658089356930153,418414.06,422301.0,14874.571183542937,138196.6,138944.5,3499.9517897554288,0.3304999055524538,0.3311191401314353,0.008548589916980445,84165595.1,84165595.0,3.0321407541599665,6142.24,6133.0,62.697706887729204,7.29780380321723e-05,7.286825540612235e-05,7.449329881379435e-07,2722846.82,2723802.5,7767.427903253752,440056.48,441555.0,6023.8459483785,4178438.7664160226,4178438.7664160267,0.0,75202848,75202848,0.0,0.4425679397272304,0.4686357052385841,0.0718923256364856,50,0.18255342635982538,0.18255342635982538,0.18255342635982538,0.006492125919450056,1.1314181399105953e-08,0.006545872951123797,0.03554988372891422,0.025325889274811598,0.02586563497708381,3.602589336601705e-08,0.010207628957469784,0.010207632436069883,0.0028526863304244757,0.013688801829207242,0.0,0.0,0.16244359155522034
conv_linear,conv_linear_double_skip_kernel,double,skip_kernel,2048,2,7,inputs/double/matrix_n2048_d2.bin,inputs/double/kernel_k7.bin,0.24290998226000007,0.2419088485,0.0425200089694991,0.24290998226000007,0.2419088485,0.0425200089694991,0.24290998226000007,0.2419088485,0.0425200089694991,351050527.02,351651611.5,1314247.4108566996,879703668.9,879703666.0,11.364552860306688,2.5059521362842356,2.501634098888597,0.009432936826478508,461902.92,465915.0,11911.401204162792,138040.56,138370.0,2506.7586613239137,0.29895049173151145,0.2975739091044146,0.005467599322180905,109028927.66,109028927.0,2.7598432348357846,6131.12,6117.5,56.46947522912756,5.623388334782038e-05,5.610896271617456e-05,5.179306906782723e-07,3320549.54,3319917.0,9697.119137124853,442438.78,442640.5,2797.422941544157,4170232.7880952954,4170232.7880952954,0.0,133432448,133432448,0.0,0.5650878555195308,0.5517662474781266,0.09293134178207527,50,0.17504430478277985,0.17504430478277985,0.17504430478277985,0.0037437556981130085,1.291861482687365e-08,0.0037642126878230943,0.0257876724489267,0.018159580498108046,0.018289313693758285,2.5312944867642703e-08,0.009210303375097463,0.00921029564105939,0.002920335631289769,0.006322734507007177,0.0,0.0,0.16445467881562592
conv_linear,conv_linear_float_full,float,full,512,0,3,inputs/float/matrix_n512_d0.bin,inputs/float/kernel_k3.bin,0.00919324856,0.008662639,0.0017675614380743413,0.00919324856,0.008662639,0.0017675614380743413,0.00919324856,0.008662639,0.0017675614380743413,13925599.16,13923397.5,15986.57950979086,36892333.78,36892334.0,0.8400680243165448,2.6492491230523565,2.6496646443180865,0.0030371572019375526,10407.82,10366.5,333.01324910824894,296.82,296.5,18.07206661775943,0.02855059017099542,0.02861572659436852,0.002006889151123225,5249629.68,5249630.0,0.8191583536402708,4188.92,4179.0,84.81933741783155,0.0007979458078086228,0.0007960561030015449,1.6157158472506467e-05,55032.48,55007.5,232.59865056551516,58.38,57.5,6.968998405474793,129877.3046875,129877.3046875,0.0,4681800,4681800,0.0,0.523913655637519,0.5404706335352418,0.07918222671245455,50,0.19226733907370183,0.19226733907370183,0.19226733907370183,0.001147999402116272,2.277080190497357e-08,0.0011464218957401274,0.031996445855928424,0.06088560952011128,0.07029238762153597,1.5604116929639707e-07,0.020248497803212175,0.020248440826925878,0.004226570391985154,0.11937304565732773,0.0,0.0,0.15113602377113544
conv_linear,conv_linear_float_full,float,full,512,0,5,inputs/float/matrix_n512_d0.bin,inputs/float/kernel_k5.bin,0.015808580120000002,0.014761935,0.0032099457631785465,0.015808580120000002,0.014761935,0.0032099457631785465,0.015808580120000002,0.014761935,0.0032099457631785465,27291672.94,27290814.5,15315.92573762381,83581000.58,83581000.0,1.1621584429897704,3.0625101861156536,3.062605627478095,0.0017185593933099661,11546.36,11506.5,316.40066049106724,300.58,300.5,22.08156494010516,0.02605222432772552,0.026047904063492076,0.0020370792797317367,10888341.44,10888341.0,1.0528871866613416,4196.8,4186.0,59.572970175325395,0.00038543978641269663,0.0003844479154354185,5.471255567270065e-06,57965.88,57935.0,357.1207215997388,60.9,57.5,13.611594697318958,128847.265625,128847.265625,0.0,12903200,12903200,0.0,0.84299564350561,0.8740865779090026,0.13674784736827017,50,0.20305085838275436,0.20305085838275436,0.20305085838275436,0.0005611940965031881,1.3904576816801857e-08,0.0005611603844131887,0.027402632560483756,0.07346318763758454,0.07819214413733644,9.669858283405757e-08,0.01419485564604589,0.01419483862367001,0.0061608781165702784,0.2235073020906233,0.0,0.0,0.1622165528633128
conv_linear,conv_linear_float_full,float,full,512,0,7,inputs/float/matrix_n512_d0.bin,inputs/float/kernel_k7.bin,0.022110726079999997,0.0200800095,0.004418109301783003,0.022110726079999997,0.0200800095,0.004418109301783003,0.022110726079999997,0.0200800095,0.004418109301783003,43323314.1,42822898.0,1536291.6745290912,144638776.26,144638776.0,1.495708144148692,3.342329433140415,3.3776036622872843,0.10762308835125867,11768.14,11702.5,378.8215351721757,315.32,312.0,42.63056295616073,0.02684132577539977,0.026697721697408364,0.00388395391417376,16694030.36,16694030.0,1.5086147184029546,34690.76,4238.5,83333.16177813744,0.002078033641647685,0.0002538931582128462,0.004991793520862478,60513.76,60463.5,605.6158464483793,67.68,66.0,16.194531704956987,127832.6640625,127832.6640625,0.0,25091528,25091528,0.0,1.1650516517375402,1.2495776648211123,0.15689699576650315,50,0.1998174680378024,0.1998174680378024,0.1998174680378024,0.035461083863136206,1.0340990036171452e-08,0.03220002411615579,0.03219043410192059,0.13519777672256986,0.14470052435835437,9.036851412572575e-08,2.402171695809992,2.4021716592155147,0.010007903102507253,0.23928090580610203,0.0,0.0,0.1346695621026839
conv_linear,conv_linear_float_full,float,full,512,1,3,inputs/float/matrix_n512_d1.bin,inputs/float/kernel_k3.bin,0.00886408474,0.0082196285,0.0015824465442844599,0.00886408474,0.0082196285,0.0015824465442844599,0.00886408474,0.0082196285,0.0015824465442844599,13923804.86,13921932.0,14754.764827080433,36891987.88,36891988.0,0.7461465636573507,2.6495651747084685,2.649918668808262,0.00280618611136735,10489.56,10473.5,301.56213425482736,286.5,281.0,27.351267552614342,0.027334574555711408,0.026922691022789876,0.002707925707870394,5249570.06,5249570.0,0.9348141799114733,4188.4,4169.5,92.48518910658952,0.0007978558148629931,0.0007942555295005115,1.7617649462593156e-05,55009.58,55005.5,216.142912850526,64.88,64.5,10.471808607408946,327.9202575683592,327.920257568359,0.0,4681800,4681800,0.0,0.5400950366569333,0.5695910025469128,0.06992816621852409,50,0.1785233998433616,0.1785233998433616,0.1785233998433616,0.0010596790873928143,2.0225165585665116e-08,0.0010591119396321754,0.028748787771348594,0.09546690245240608,0.09906595408504677,1.7807442690106194e-07,0.022081269483953187,0.022081244674037298,0.0039291867498447725,0.1614027220624067,0.0,0.0,0.1294738175180496
conv_linear,conv_linear_float_full,float,full,512,1,5,inputs/float/matrix_n512_d1.bin,inputs/float/kernel_k5.bin,0.015972147179999997,0.014958034,0.0031700699682685285,0.015972147179999997,0.014958034,0.0031700699682685285,0.015972147179999997,0.014958034,0.0031700699682685285,27287514.14,27288295.0,16848.822544714018,83580672.74,83580672.0,1.1572310363517866,3.0629651181575075,3.0628762809206598,0.0018914941797302516,11495.62,11482.0,403.07754305379694,295.7,293.0,25.894802882557926,0.025757678058893094,0.025329194021330947,0.0025413890745515084,10888294.3,10888294.0,0.8390957231693144,4204.86,4184.0,104.35301350977562,0.00038618169961909593,0.00038426587378270576,9.583958053057773e-06,57977.92,57866.0,443.5678555181586,62.24,60.5,7.833887663118955,312.73648071289074,312.736480712891,0.0,12903200,12903200,0.0,0.8336672523668406,0.8626272411854439,0.1346338586542208,50,0.1984748783330789,0.1984748783330789,0.1984748783330789,0.000617455384842689,1.38456774564577e-08,0.0006175369639429844,0.035063575783976585,0.08757119676211676,0.09866530161378691,7.706401940011066e-08,0.0248172385072929,0.02481722479990832,0.0076506341641466025,0.12586580435602435,0.0,0.0,0.16149591851183517
conv_linear,conv_linear_float_full,float,full,512,1,7,inputs/float/matrix_n512_d1.bin,inputs/float/kernel_k7.bin,0.022556370379999992,0.021330707499999997,0.0037017995947234528,0.022556370379999992,0.021330707499999997,0.0037017995947234528,0.022556370379999992,0.021330707499999997,0.0037017995947234528,43372655.74,42818245.5,1675911.4087079738,144638413.46,144638413.0,1.4874989288771663,3.339217177592231,3.3779621705265415,0.11708761656676818,12328.32,12514.5,563.6981186589065,304.44,307.0,23.373768656861692,0.024731132400554995,0.024269640799879783,0.002063264201388677,16693974.22,16693974.0,1.3596217966247044,10297.4,4217.5,36355.16223344916,0.0006168332657564819,0.00025263607095590303,0.0021777411034358323,60624.44,60543.5,674.0317669495579,61.16,60.0,10.412629693927329,301.1625366210938,301.162536621094,0.0,25091528,25091528,0.0,1.1350038614073161,1.176310164148977,0.1426379787188485,50,0.16411326522664832,0.16411326522664832,0.16411326522664832,0.03863981534251271,1.0284259162511739e-08,0.035064390945423664,0.045723838986894125,0.07677627334404707,0.08342780944969487,8.144386583488472e-08,3.530518600175691,3.5305182523920124,0.011118152463751547,0.17025228407337034,0.0,0.0,0.1256718003954529
conv_linear,conv_linear_float_full,float,full,512,2,3,inputs/float/matrix_n512_d2.bin,inputs/float/kernel_k3.bin,0.00907132514,0.0086990825,0.0015740932193298478,0.00907132514,0.0086990825,0.0015740932193298478,0.00907132514,0.0086990825,0.0015740932193298478,13921342.02,13920161.0,12941.838913731859,36892284.92,36892285.0,0.8769148144518653,2.6500545770992665,2.6502771771111115,0.002461521753871406,11144.54,11104.0,370.8693708087556,312.7,309.0,22.565324671961193,0.02809500351415407,0.027823494234640856,0.0023760857701618397,5249620.78,5249621.0,0.7082603002203904,4213.44,4193.0,117.06550756403233,0.000802617974514691,0.0007987244791414697,2.2299782387492173e-05,54999.08,54970.5,234.33717553289534,69.12,59.5,58.168874487853664,260023.828125,260023.828125,0.0,4681800,4681800,0.0,0.5285099883866687,0.5382404746484608,0.07424093681997783,50,0.17352406567248763,0.17352406567248763,0.17352406567248763,0.0009296401808919755,2.3769598883707884e-08,0.0009288570036039683,0.03327812281249433,0.07216285472325294,0.08457325050572725,1.3491646918930217e-07,0.027783831634966283,0.027783806363140453,0.0042607471894601755,0.8415635776599198,0.0,0.0,0.14047215464480803
conv_linear,conv_linear_float_full,float,full,512,2,5,inputs/float/matrix_n512_d2.bin,inputs/float/kernel_k5.bin,0.01539240524,0.014343615,0.0032210924584089415,0.01539240524,0.014343615,0.0032210924584089415,0.01539240524,0.014343615,0.0032210924584089415,27290515.46,27289958.0,19069.378909879622,83581010.4,83581010.0,1.16057691407638,3.0626409573105304,3.062702063035214,0.0021400872180811895,11593.16,11547.5,357.01256823472136,308.32,303.0,42.08758603150322,0.026608850770050083,0.02600447075789522,0.0036778911655444098,10888342.38,10888342.0,0.923392149076195,4192.96,4177.0,60.233206652754816,0.00038508708237903317,0.0003836213080007957,5.531892530267253e-06,57935.2,57845.0,438.4141179016832,65.06,60.0,22.624178866596576,257973.921875,257973.921875,0.0,12903200,12903200,0.0,0.8638023231700658,0.8995927568618715,0.1270719043289021,50,0.2092650504053999,0.2092650504053999,0.2092650504053999,0.0006987548087111001,1.3885653075048012e-08,0.0006987718272926498,0.030795104029852204,0.13650618199112358,0.13822059424242797,8.480557617037342e-08,0.01436531868960229,0.014365302767601866,0.007567318623249479,0.3477432964432305,0.0,0.0,0.14710762048261375
conv_linear,conv_linear_float_full,float,full,512,2,7,inputs/float/matrix_n512_d2.bin,inputs/float/kernel_k7.bin,0.022395277300000006,0.021430942,0.00383947351107138,0.022395277300000006,0.021430942,0.00383947351107138,0.022395277300000006,0.021430942,0.00383947351107138,43612412.2,42829171.5,1851551.8677669794,144638750.76,144638750.0,2.386697830232292,3.3218683352996807,3.377108299551087,0.13004379019283577,11711.48,11674.5,371.873537863701,323.18,309.0,71.77848293357069,0.02764788749254464,0.026491949400362758,0.00638100216969031,16694021.94,16694022.0,0.890081399652205,34788.0,4210.5,83292.98207593508,0.00208385959270895,0.0002522160327810758,0.004989389383756844,60235.92,60247.0,616.8462527987316,75.54,67.0,41.926665812135,255956.609375,255956.609375,0.0,25091528,25091528,0.0,1.1439161305698724,1.170812301835677,0.14273725520204,50,0.17144121323612185,0.17144121323612185,0.17144121323612185,0.04245469980601026,1.6501095437366955e-08,0.0391477858441683,0.03175290722126504,0.22210063411588182,0.2307952884794895,5.331737329993021e-08,2.394302117854866,2.394302092719596,0.010240505213479459,0.5550260234595578,0.0,0.0,0.1247794758615141
conv_linear,conv_linear_float_full,float,full,1024,0,3,inputs/float/matrix_n1024_d0.bin,inputs/float/kernel_k3.bin,0.038286589560000014,0.0349054045,0.008406796038274112,0.038286589560000014,0.0349054045,0.008406796038274112,0.038286589560000014,0.0349054045,0.008406796038274112,64768724.7,64789049.5,95594.75336133754,148494416.78,148494416.0,2.314902913210308,2.292691961257567,2.291967804397232,0.0033910283273251157,27860.18,27817.5,901.9126092332208,5237.1,5201.5,457.0721931991909,0.18784026603907067,0.18495609321379258,0.01309206215702376,21007944.98,21007945.0,1.8349220088487717,3945.2,3929.0,53.56780940155772,0.00018779561750183437,0.0001870244315360512,2.5498832880477276e-06,221323.72,221398.0,1425.4449507978495,6938.78,6824.0,796.6064321577513,522005.9375,522005.9375,0.0,18800712,18800712,0.0,0.507704467651035,0.5386195866215373,0.07813058968145481,50,0.2195754736811849,0.2195754736811849,0.2195754736811849,0.0014759400282176242,1.558915791857631e-08,0.0014790597187182089,0.03237282060752015,0.08727581928914684,0.069697847182034,8.734419337996436e-08,0.01357797054688171,0.013577970146309834,0.006440543068758511,0.1148049703489304,0.0,0.0,0.1538898998524413
conv_linear,conv_linear_float_full,float,full,1024,0,5,inputs/float/matrix_n1024_d0.bin,inputs/float/kernel_k5.bin,0.057983143740000014,0.054603161,0.009452863794839235,0.057983143740000014,0.054603161,0.009452863794839235,0.057983143740000014,0.054603161,0.009452863794839235,112128431.4,112161218.5,125543.97019664191,337287676.2,337287675.0,3.1558174245452237,3.0080514532218974,3.007168467150187,0.0033716188942777632,32072.2,31726.5,917.431062860877,5491.48,5321.5,620.5302946114816,0.170917438327332,0.1683351417161408,0.01471216630505384,43819142.04,43819141.0,2.563161313229574,3955.94,3948.0,60.60760712003324,9.027881000839947e-05,9.009761385008022e-05,1.3831292544578573e-06,296641.98,296773.5,3868.3211434651553,7474.92,7170.0,1205.4578576336096,519965.375,519965.375,0.0,52020000,52020000,0.0,0.9135845661100617,0.9526930511229522,0.10438493994753183,50,0.16302779023549427,0.16302779023549427,0.16302779023549427,0.0011196443990978892,9.356456364192603e-09,0.0011208647680100191,0.02860518027640377,0.1129987352428638,0.0860776199844388,5.849410084044571e-08,0.015320658837098954,0.015320641181791961,0.013040369887853214,0.16126699116961915,0.0,0.0,0.11425865083512841
conv_linear,conv_linear_float_full,float,full,1024,0,7,inputs/float/matrix_n1024_d0.bin,inputs/float/kernel_k7.bin,0.10165753636000005,0.09025675650000001,0.023566149699475302,0.10165753636000005,0.09025675650000001,0.023566149699475302,0.10165753636000005,0.09025675650000001,0.023566149699475302,184893483.44,183416045.5,5278787.232263309,585741606.88,585741604.0,6.50475493011659,3.170322767423337,3.1935134361347908,0.08320241433659212,28593.14,28409.0,967.5364679094499,5866.54,5852.0,472.34448731183215,0.20490876388197965,0.20437757556627167,0.010334310059966094,67487502.0,67487502.0,2.799416849243263,22259.76,3976.5,129121.53474332561,0.0003298352850300159,5.8922021286991744e-05,0.0019132658206814873,1280392.76,1280214.0,9206.122028214028,7599.3,7474.0,679.9878225200141,517932.96875,517932.96875,0.0,101559752,101559752,0.0,1.0424088242299088,1.1252395184647248,0.1928962713180011,50,0.23181901257197937,0.23181901257197937,0.23181901257197937,0.028550423379179474,1.1105161138824836e-08,0.026244146240104897,0.03383806283288404,0.08051500327481483,0.05043371432330878,4.1480522560210676e-08,5.80067057072159,5.80067053925833,0.0071900766044741046,0.08948032351927336,0.0,0.0,0.1850485786711422
conv_linear,conv_linear_float_full,float,full,1024,1,3,inputs/float/matrix_n1024_d1.bin,inputs/float/kernel_k3.bin,0.03821730810000001,0.0350934875,0.007733064808443793,0.03821730810000001,0.0350934875,0.007733064808443793,0.03821730810000001,0.0350934875,0.007733064808443793,64814527.38,64835884.0,91256.17230740821,148494232.92,148494232.0,2.1931246950911154,2.2910685015117047,2.290309383325403,0.003233790929461025,29207.08,29092.5,861.3589604662565,5615.36,5563.5,403.59222500146467,0.19217466663910274,0.19073415165815216,0.01082707177961105,21007915.42,21007915.0,2.4751004925102937,3949.2,3933.5,61.466101492229654,0.00018798628622157217,0.00018723893919261924,2.925857683867398e-06,221809.16,221860.0,1420.0362795020508,7510.64,7447.5,442.14176136490124,-1480.1533203125,-1480.1533203125,0.0,18800712,18800712,0.0,0.506467586458169,0.5357337532227849,0.07400903742630098,50,0.20234457089990052,0.20234457089990052,0.20234457089990052,0.001407958616629015,1.4769090031076445e-08,0.0014114771894979518,0.02949144387135778,0.07187290307326061,0.05633974534189727,1.1781751987414911e-07,0.015564190593596084,0.015564208127495016,0.006402063284952031,0.058868719758223165,0.0,0.0,0.14612788538721944
conv_linear,conv_linear_float_full,float,full,1024,1,5,inputs/float/matrix_n1024_d1.bin,inputs/float/kernel_k5.bin,0.0647410704,0.055065092499999996,0.01701952640219286,0.0647410704,0.055065092499999996,0.01701952640219286,0.0647410704,0.055065092499999996,0.01701952640219286,112194415.96,112208709.5,103001.55417669761,337287517.08,337287515.0,4.667910421873891,3.0062797054591788,3.0058942751403634,0.0027608712573148324,32314.46,32251.0,837.9820808078789,5665.84,5577.5,481.3363777769436,0.1751592121719469,0.17333369088806216,0.011475300725639626,43819120.62,43819120.0,2.687005768158394,3983.68,3962.5,97.22106935500457,9.091191118094563e-05,9.042855867479245e-05,2.2186924255278087e-06,296654.28,297340.0,3235.8243692406145,7472.1,7246.5,914.8897837043163,-1499.6494140625,-1499.6494140625,0.0,52020000,52020000,0.0,0.8473026135474604,0.9447006999563924,0.17132112959788778,50,0.26288608293064086,0.26288608293064086,0.26288608293064086,0.0009180631076453942,1.3839558790332365e-08,0.0009183680588008152,0.025932108437147917,0.0849541070303686,0.06551354384018794,6.132039461631702e-08,0.024404839082206548,0.024404859569081724,0.010907728583051673,0.12244078421117441,0.0,0.0,0.2021959177968374
conv_linear,conv_linear_float_full,float,full,1024,1,7,inputs/float/matrix_n1024_d1.bin,inputs/float/kernel_k7.bin,0.11406833957999997,0.1112917405,0.02522353413825954,0.11406833957999997,0.1112917405,0.02522353413825954,0.11406833957999997,0.1112917405,0.02522353413825954,184173972.02,183319807.5,3959250.105218546,585741480.32,585741479.0,7.63568420364065,3.181688256715185,3.19518927779861,0.06255455309042315,29276.76,29258.5,1008.7538596643653,6279.24,6173.5,635.699472058543,0.21410635141510365,0.21113849983646743,0.015578007668068933,67487493.26,67487492.0,4.31329222111706,65890.96,4000.5,247451.67804182018,0.0009763432122985298,5.927764971550398e-05,0.0036666299171343847,1283868.4,1282331.0,9789.609862773192,8166.64,7770.5,1236.425753236039,-1439.5435791015623,-1439.543579101562,0.0,101559752,101559752,0.0,0.9337917736445572,0.9125998365599284,0.20291399958835782,50,0.22112651267768677,0.22112651267768677,0.22112651267768677,0.02149733788001596,1.3035928750460274e-08,0.019660805221378055,0.034455788812162456,0.10123828234922429,0.07275826973421592,6.391246752194245e-08,3.7554723446406024,3.7554723287339904,0.007625088258869205,0.15139956619075154,0.0,0.0,0.21730112142281083
conv_linear,conv_linear_float_full,float,full,1024,2,3,inputs/float/matrix_n1024_d2.bin,inputs/float/kernel_k3.bin,0.03895154894000001,0.0351103535,0.009228519050550645,0.03895154894000001,0.0351103535,0.009228519050550645,0.03895154894000001,0.0351103535,0.009228519050550645,64803403.38,64852064.0,135230.53895823297,148494550.16,148494549.5,2.1510320279480055,2.2914720223418783,2.2897428828393585,0.004796341771955141,29400.02,29346.0,792.5529787223264,5837.76,5721.0,516.3298882201065,0.19838454902494018,0.19650481520343946,0.014058644786445121,21007971.62,21007971.0,2.506237117961204,3950.58,3936.0,59.39528257224419,0.00018805147255940665,0.00018735742467586303,2.827269172586895e-06,221666.08,221484.0,1492.1643346604465,7737.74,7532.0,989.6403554126238,1044544.125,1044544.125,0.0,18800712,18800712,0.0,0.5017185456799804,0.5354749052940178,0.0829276132028053,50,0.23692303134763712,0.23692303134763712,0.23692303134763712,0.002086781432840124,1.4485595771900789e-08,0.002093126918064351,0.026957565971802957,0.08844657680687566,0.07086562363623247,1.1929933852229774e-07,0.015034572789880015,0.015034549499173653,0.006731586242967109,0.12789785588720012,0.0,0.0,0.16528711947534905
conv_linear,conv_linear_float_full,float,full,1024,2,5,inputs/float/matrix_n1024_d2.bin,inputs/float/kernel_k5.bin,0.061223738879999996,0.054842729,0.014045761517873314,0.061223738879999996,0.054842729,0.014045761517873314,0.061223738879999996,0.054842729,0.014045761517873314,112166535.6,112197289.0,128651.48305910226,337287816.94,337287815.5,3.867235486574538,3.0070310210601905,3.0062029562835617,0.0034512988250423884,32368.58,32254.5,984.5067777878435,5702.0,5553.5,646.0599264553003,0.17582022303955486,0.17277076512761316,0.015027648650447936,43819180.84,43819180.0,2.35917661187233,3973.98,3975.0,52.68291362249351,9.069042195085017e-05,9.071369185157135e-05,1.2022795936080717e-06,297705.68,297243.5,3947.2940172699996,7754.82,7433.0,1197.5001289250497,1040500.8125,1040500.8125,0.0,52020000,52020000,0.0,0.8810323588033196,0.9485317257740874,0.14115152703370534,50,0.22941691858126054,0.22941691858126054,0.22941691858126054,0.0011469684997483533,1.1465683882861618e-08,0.001147743006597106,0.03041550719209318,0.11330409092516666,0.08547167322764183,5.383890265969494e-08,0.013256964962705777,0.01325696327953628,0.013259048390578237,0.1544201063242022,0.0,0.0,0.1602115128046231
conv_linear,conv_linear_float_full,float,full,1024,2,7,inputs/float/matrix_n1024_d2.bin,inputs/float/kernel_k7.bin,0.10867067544000003,0.10189226700000001,0.02348831012484179,0.10867067544000003,0.10189226700000001,0.02348831012484179,0.10867067544000003,0.10189226700000001,0.02348831012484179,186020067.54,183298068.5,6900476.290257859,585741607.46,585741605.0,6.782961855788981,3.1527595815145237,3.1955688747880635,0.1086802222850908,28849.36,28591.5,1092.886250966229,6003.94,5783.0,657.7035933721921,0.20766883883239182,0.2018309859998256,0.015968744372729025,67487500.68,67487499.0,4.595650112277677,24610.42,3984.0,145804.35992908513,0.00036466629069840126,5.9033153850467545e-05,0.002160464292008262,1279725.52,1280214.0,9781.354094815462,7882.32,7512.5,1336.3401809358547,1036418.5,1036418.5,0.0,101559752,101559752,0.0,0.9736931848564226,0.996770560437255,0.1876212997753645,50,0.2161421195712574,0.2161421195712574,0.2161421195712574,0.03709533267841678,1.1580126406253607e-08,0.034471458883928906,0.03788251285180084,0.1095453307948101,0.0768952360041715,6.80963151097934e-08,5.924497019111626,5.924496854015725,0.007643321901414814,0.16953640310668114,0.0,0.0,0.19269036971130743
conv_linear,conv_linear_float_full,float,full,2048,0,3,inputs/float/matrix_n2048_d0.bin,inputs/float/kernel_k3.bin,0.16995986076000005,0.15752270550000003,0.034833928858098814,0.16995986076000005,0.15752270550000003,0.034833928858098814,0.16995986076000005,0.15752270550000003,0.034833928858098814,259359159.8,259546376.5,543285.218297398,594458862.26,594458859.0,8.941556264973634,2.292039463272338,2.290376319600222,0.00482169822989645,149584.92,149757.0,4831.178086942681,53931.18,53414.0,1997.3817422019365,0.36056493467860024,0.36020361739069584,0.00778533519766918,84050552.24,84050551.0,4.073608439812685,7022.54,6984.5,691.0388574088864,8.35513843986725e-05,8.309880235796186e-05,8.221705041790434e-06,1219397.26,1219149.5,4884.084200957294,157282.38,158175.0,3686.251006823348,2092834.875,2092834.875,0.0,75350088,75350088,0.0,0.4608072025424068,0.47835651584007527,0.08778556123735712,50,0.20495385617718131,0.20495385617718131,0.20495385617718131,0.00209472153872006,1.5041505531568378e-08,0.0021036715585221752,0.03229722679894926,0.037035750788355394,0.021592047503479112,4.846617102741698e-08,0.0984029791797393,0.09840297801123045,0.004005326533993765,0.023437151744673163,0.0,0.0,0.19050388264987775
conv_linear,conv_linear_float_full,float,full,2048,0,5,inputs/float/matrix_n2048_d0.bin,inputs/float/kernel_k5.bin,0.25526749252,0.260143637,0.035367169575156475,0.25526749252,0.260143637,0.035367169575156475,0.25526749252,0.260143637,0.035367169575156475,449962536.6,450203453.5,632356.9898609804,1353722534.34,1353722535.0,9.563130704574599,3.0085286030802534,3.0069128230877435,0.004239629156758707,168948.28,168967.0,3702.3420113462757,57326.92,57263.0,1315.4769111137864,0.3393407617601214,0.3409006689896994,0.004659585952799329,175809735.14,175809735.0,2.3035908060733767,7040.48,7045.5,600.1193160275611,4.004601902932733e-05,4.007457277587481e-05,3.4134588800319542e-06,2015047.16,2013047.0,9762.44404903875,160413.92,160762.0,1232.0488633299565,2088701.125,2088701.125,0.0,208896800,208896800,0.0,0.8332293654519315,0.8030134486626074,0.11075356969560562,50,0.13854944562667137,0.13854944562667137,0.13854944562667137,0.00140535475384059,7.064321130797347e-09,0.001409203539703097,0.021914055658609106,0.02294693158316872,0.013731288656955309,1.3102748856535117e-08,0.08523840931691606,0.08523840728168608,0.004844771994834478,0.007680436107601861,0.0,0.0,0.13292086703585454
conv_linear,conv_linear_float_full,float,full,2048,0,7,inputs/float/matrix_n2048_d0.bin,inputs/float/kernel_k7.bin,0.37680673346,0.36864752349999996,0.038321020424997375,0.37680673346,0.36864752349999996,0.038321020424997375,0.37680673346,0.36864752349999996,0.038321020424997375,738170859.92,736739264.0,7223592.957607862,2356028749.64,2356028749.0,8.943724303352221,3.191993896027154,3.197913924323096,0.02940257930759078,160114.34,160358.0,2769.0475236375573,59485.78,59369.5,1004.5103851516674,0.3715429971608475,0.3714278876793682,0.003831838391771671,271379260.98,271379260.5,3.599829927348415,329641.16,6275.0,1019783.9509860652,0.00121468806693958,2.3122621611523624e-05,0.0037577813118103566,6099469.76,6097688.5,33711.72276793393,162199.12,162264.0,1254.788259884057,2084572.0,2084572.0,0.0,408636872,408636872,0.0,1.094911639303085,1.1084763324024354,0.10520427619861401,50,0.1016994045544713,0.1016994045544713,0.1016994045544713,0.009785800754029664,3.796101513922026e-09,0.009211351984158261,0.017294188163518378,0.01688656322824829,0.010313310763633638,1.326494115412052e-08,3.093618378803379,3.093618365147958,0.005526992360715291,0.00773609782768277,0.0,0.0,0.09608471809248177
conv_linear,conv_linear_float_full,float,full,2048,1,3,inputs/float/matrix_n2048_d1.bin,inputs/float/kernel_k3.bin,0.16977206614,0.1597136185,0.0349590591970573,0.16977206614,0.1597136185,0.0349590591970573,0.16977206614,0.1597136185,0.0349590591970573,259611679.92,259715020.0,432363.5537874877,594458635.42,594458632.5,9.211993066424117,2.2898055317625237,2.2888881359412387,0.0038359950497281964,154137.14,154984.5,4802.408039723401,59132.26,59227.0,1678.7183377657555,0.38371537387476146,0.38375435294801874,0.006209148395671652,84050518.22,84050517.5,3.688315804649951,7030.62,6895.0,635.399308486002,8.364755079202712e-05,8.203400111350041e-05,7.5597298719790204e-06,1220527.06,1221019.0,5174.724799583877,162160.54,162652.5,2716.4536170289,-2267.804443359375,-2267.804443359375,0.0,75350088,75350088,0.0,0.46113260363642006,0.4717824952051587,0.08682743113970813,50,0.20591761643655107,0.20591761643655107,0.20591761643655107,0.00166542412082816,1.549644082454217e-08,0.0016752492718346828,0.031156722122412554,0.028389213227530206,0.01618165134477572,4.388213044678537e-08,0.09037599934088346,0.09037598591230453,0.004239746064772933,0.016751631543832426,0.0,0.0,0.1882916767433066
conv_linear,conv_linear_float_full,float,full,2048,1,5,inputs/float/matrix_n2048_d1.bin,inputs/float/kernel_k5.bin,0.25867281369999995,0.2537301205,0.04134308760126888,0.25867281369999995,0.2537301205,0.04134308760126888,0.25867281369999995,0.2537301205,0.04134308760126888,449588225.76,449709222.5,424739.27476547705,1353722310.4,1353722309.0,11.30829568929188,3.0110296929832168,3.0102169066205344,0.0028516406458597853,172486.82,173102.5,3776.438326826813,59645.58,59601.5,1212.3938218185015,0.3458409545827301,0.3463407926436758,0.004673542923191843,175809701.9,175809701.0,3.2529421509586216,7067.16,6938.5,568.136458170078,4.0197781608495396e-05,3.946596713441032e-05,3.231542237629799e-06,2016084.5,2016101.0,8915.478611232658,162299.84,162273.5,1147.2275784406015,-2180.526123046875,-2180.526123046875,0.0,208896800,208896800,0.0,0.8266771151357248,0.8233528184921342,0.12318600281505224,50,0.1598277260370207,0.1598277260370207,0.1598277260370207,0.0009447295334469283,8.35348254395725e-09,0.0009470649367906051,0.021894068931335234,0.02032663311880782,0.013513561251965215,1.8502631628423354e-08,0.08039105640314893,0.08039105911622857,0.004422175068174304,0.007068568757927313,0.0,0.0,0.14901344256376012
conv_linear,conv_linear_float_full,float,full,2048,1,7,inputs/float/matrix_n2048_d1.bin,inputs/float/kernel_k7.bin,0.38012112189999997,0.3706623865,0.043533726537021936,0.38012112189999997,0.3706623865,0.043533726537021936,0.38012112189999997,0.3706623865,0.043533726537021936,740227687.12,736687568.0,16050984.321993096,2356028533.3,2356028532.0,11.873912349917719,3.1841860569906384,3.1981380287117926,0.06320938712853735,160694.66,161180.5,3233.579444655407,59619.82,59604.5,1085.6066429721714,0.371037826290136,0.3713627671473738,0.002853912223194432,271379234.3,271379234.0,3.845219681805176,342613.66,6252.5,1036253.0789005168,0.0012624902971584068,2.303971435999963e-05,0.00381846846032521,6098046.46,6085150.5,41549.49246194598,162331.44,162190.0,893.1570047321077,-2128.9150390625,-2128.9150390625,0.0,408636872,408636872,0.0,1.0878016875241727,1.1024532665894435,0.11464877594033449,50,0.11452593404813356,0.11452593404813356,0.11452593404813356,0.02168384755296384,5.039799892952221e-09,0.01985103445502688,0.020122507148995536,0.018208821210331922,0.007691701548948792,1.41691743354041e-08,3.024552724781951,3.024552718480101,0.006813574270791302,0.005502058040833665,0.0,0.0,0.1053949237762943
conv_linear,conv_linear_float_full,float,full,2048,2,3,inputs/float/matrix_n2048_d2.bin,inputs/float/kernel_k3.bin,0.16523444398000003,0.1525184565,0.03133209844702054,0.16523444398000003,0.1525184565,0.03133209844702054,0.16523444398000003,0.1525184565,0.03133209844702054,259590032.88,259739819.0,472692.82541136217,594458809.84,594458808.0,8.36503901445553,2.2899983685185332,2.288670278160924,0.0041920942608067524,155214.52,155804.0,4397.697538763781,59290.24,59496.0,1836.281352769943,0.3820139757626728,0.38300247518961145,0.006492413193482774,84050535.64,84050535.0,3.0220955017360263,7010.46,7018.5,592.1770698370685,8.340767783452498e-05,8.350333023873617e-05,7.045488132272057e-06,1222192.16,1222691.0,5276.567461708326,162045.74,162503.5,2290.559639396594,4186836.5,4186836.5,0.0,75350088,75350088,0.0,0.47158855608891237,0.49404032403047715,0.08429775481664929,50,0.18962207692491148,0.18962207692491148,0.18962207692491148,0.0018209205498651508,1.4071688190990053e-08,0.0018306101517088593,0.02833302927305887,0.03097105615983243,0.016995224272936555,3.595569592417682e-08,0.08447050119921781,0.08447049858227458,0.004317297749404911,0.014135266002034944,0.0,0.0,0.1787527575218682
conv_linear,conv_linear_float_full,float,full,2048,2,5,inputs/float/matrix_n2048_d2.bin,inputs/float/kernel_k5.bin,0.25720313947999995,0.246590451,0.039909288155235596,0.25720313947999995,0.246590451,0.039909288155235596,0.25720313947999995,0.246590451,0.039909288155235596,449710039.58,449708278.5,109252.62463574817,1353722534.9,1353722533.0,10.755634583599628,3.010212123486389,3.0102237200060165,0.000731288324048632,172575.6,172687.0,2372.0134132531957,59893.2,59843.5,1137.1550071138422,0.3470545571324267,0.34596518868886206,0.0045498819722809255,175809730.44,175809730.0,2.475677601396473,6883.74,6826.0,513.569930854164,3.915448811488663e-05,3.882606486306884e-05,2.921169059564128e-06,2016530.86,2018010.0,7444.810939088747,162307.68,162405.5,1090.2998172193566,4178321.75,4178321.75,0.0,208896800,208896800,0.0,0.8302940139659306,0.8471435063772426,0.12023131129866463,50,0.15516641140509457,0.15516641140509457,0.15516641140509457,0.00024294015036396127,7.945228291847967e-09,0.00024293581118185894,0.013744778597050774,0.018986379206885628,0.013109990572879331,1.4081573273564444e-08,0.07460623597843091,0.07460623801268627,0.00369189040781094,0.006717487534905043,0.0,0.0,0.14480570650434446
conv_linear,conv_linear_float_full,float,full,2048,2,7,inputs/float/matrix_n2048_d2.bin,inputs/float/kernel_k7.bin,0.38048002838,0.37273650849999995,0.04021343949233484,0.38048002838,0.37273650849999995,0.04021343949233484,0.38048002838,0.37273650849999995,0.04021343949233484,740613907.94,736625616.5,16494096.666791989,2356028816.08,2356028816.0,10.48583111522153,3.182604213474444,3.198407382096261,0.06509955395431197,161037.82,161287.5,2811.935717107142,59639.02,59641.0,884.2275192020915,0.3703795602027173,0.3705567688499122,0.004022597608453414,271379281.0,271379280.0,3.9538150081861203,226830.86,6217.0,853725.902491364,0.0008358444031925916,2.290889701337454e-05,0.0031458771310394844,6103906.7,6099253.5,30442.52179425813,162459.98,162369.0,878.177112209239,4170275.25,4170275.25,0.0,408636872,408636872,0.0,1.085393216831253,1.0963160421245348,0.11042876723663822,50,0.10569132804040936,0.10569132804040936,0.10569132804040936,0.022270843809387708,4.4506378884906975e-09,0.020454806689029954,0.017461337449222437,0.01482632543596611,0.010860744060098114,1.456933260939003e-08,3.763711438961013,3.7637114264610627,0.004987383210535988,0.0054054980938027875,0.0,0.0,0.10174079358910042
conv_linear,conv_linear_float_skip_kernel,float,skip_kernel,512,0,3,inputs/float/matrix_n512_d0.bin,inputs/float/kernel_k3.bin,0.006444921599999999,0.0058020325,0.0010995632100569272,0.006444921599999999,0.0058020325,0.0010995632100569272,0.006444921599999999,0.0058020325,0.0010995632100569272,8969302.9,8968048.0,8330.407781502792,20766252.06,20766252.0,0.46991097748364896,2.3152601530569212,2.3155821648793626,0.0021491317960175256,10360.12,10370.5,339.4130972903738,310.7,309.0,23.861205813142455,0.03000388248370716,0.029995236387654667,0.0022867223260373635,3168850.16,3168850.0,0.5480950312172537,4198.94,4205.0,55.13893768453991,0.0013250673866527574,0.001326979819177304,1.7400303515883738e-05,56201.32,56180.0,328.2941339216201,62.94,62.5,7.112535642462968,129880.4921875,129880.4921875,0.0,2080800,2080800,0.0,0.32994859121396763,0.3586329661635114,0.043410988163468264,50,0.17060924527878313,0.17060924527878313,0.17060924527878313,0.0009287686985688477,2.2628588737434836e-08,0.0009282463541645415,0.03276150250097236,0.07679821632810575,0.07621421418641769,1.7296337899967276e-07,0.01313163267027867,0.013131636693465462,0.005841395432022238,0.11300501497399061,0.0,0.0,0.1315689453431149
conv_linear,conv_linear_float_skip_kernel,float,skip_kernel,512,0,5,inputs/float/matrix_n512_d0.bin,inputs/float/kernel_k5.bin,0.008910083019999999,0.0081962775,0.0017146261637667405,0.008910083019999999,0.0081962775,0.0017146261637667405,0.008910083019999999,0.0081962775,0.0017146261637667405,13062996.7,13063694.0,15044.870755543849,36355508.64,36355509.0,0.8514093955683835,2.78309462509279,2.7829424439380883,0.0032056080094847324,11204.96,11239.0,336.73443542352487,311.86,312.5,28.085881412088128,0.02784346552965275,0.028203822913241163,0.0024897023186108195,5210975.54,5210975.0,0.7615773106279439,4200.86,4202.5,50.608948954564696,0.0008061561540335317,0.0008064709579301379,9.711992666978023e-06,57889.56,57911.5,343.9034724560755,60.94,59.0,10.280574112452703,128850.8046875,128850.8046875,0.0,4645152,4645152,0.0,0.5376148010158377,0.566740029192439,0.0873560607959997,50,0.19243660916716585,0.19243660916716585,0.19243660916716585,0.0011517166467280705,2.3418992813419854e-08,0.0011518142360602832,0.030052265730848203,0.09005926188702663,0.08941783184134658,1.4614870186628124e-07,0.0120472829264876,0.012047284658666833,0.0059406820928691725,0.16869993620696921,0.0,0.0,0.1624881990431403
conv_linear,conv_linear_float_skip_kernel,float,skip_kernel,512,0,7,inputs/float/matrix_n512_d0.bin,inputs/float/kernel_k7.bin,0.01100036182,0.010572092,0.002312810992248219,0.01100036182,0.010572092,0.002312810992248219,0.01100036182,0.010572092,0.002312810992248219,17746105.14,17746698.0,38510.428269633936,56818773.1,56818773.0,0.7354021532397811,3.2017749799023303,3.201653231525487,0.0069509065447868335,11060.04,11015.5,350.2254644059555,328.48,322.0,51.37665633657499,0.02973875830624933,0.02951103454663228,0.004737492954978923,7732825.2,7732825.0,0.6388765649805125,4224.68,4221.5,66.85452986346776,0.0005463307253133637,0.0005459195054847355,8.645552352333176e-06,62312.42,62322.0,564.0391537285119,72.28,67.5,19.279935642199305,127835.2734375,127835.2734375,0.0,8193152,8193152,0.0,0.767811758244111,0.775023868558174,0.11415180792432265,50,0.21024862909902167,0.21024862909902167,0.21024862909902167,0.0021700777700697166,1.2942943205505103e-08,0.0021709541077739544,0.031665840666575844,0.15640725869634373,0.1593036570724401,8.261877754336313e-08,0.015824755925529923,0.0158247595307298,0.009051793426230468,0.26673956339512045,0.0,0.0,0.14867160693836404
conv_linear,conv_linear_float_skip_kernel,float,skip_kernel,512,1,3,inputs/float/matrix_n512_d1.bin,inputs/float/kernel_k3.bin,0.00676346474,0.0067371225,0.0012514146571909568,0.00676346474,0.0067371225,0.0012514146571909568,0.00676346474,0.0067371225,0.0012514146571909568,8966339.32,8965637.0,11561.292000111012,20765911.12,20765911.0,0.6590035774110687,2.3159891892175,2.316166773314536,0.002984273491955621,10393.04,10307.0,346.28895330875514,294.88,289.5,19.722193031181497,0.028391285110503376,0.02819342602344411,0.0019393790978629475,3168795.12,3168795.0,0.4797958750334736,4189.84,4182.0,85.12975929936226,0.0013222186471638212,0.0013197443631352583,2.686496808028831e-05,56216.9,56175.0,334.2733972089802,66.22,65.5,9.015383677755644,322.90841674804693,322.908416748047,0.0,2080800,2080800,0.0,0.31605309450436997,0.3088882152523448,0.0473662090972341,50,0.18502567918923707,0.18502567918923707,0.18502567918923707,0.0012894104926770731,3.173487421779299e-08,0.0012885524275542553,0.03331931305072963,0.06688209790823893,0.06830895784796556,1.5141271583171132e-07,0.020318140859641957,0.020318098022527566,0.005946137143972368,0.13614291268129936,0.0,0.0,0.14986788587377423
conv_linear,conv_linear_float_skip_kernel,float,skip_kernel,512,1,5,inputs/float/matrix_n512_d1.bin,inputs/float/kernel_k5.bin,0.008829187520000002,0.0075433324999999996,0.001974066905302343,0.008829187520000002,0.0075433324999999996,0.001974066905302343,0.008829187520000002,0.0075433324999999996,0.001974066905302343,13061772.98,13064060.5,11331.614913621279,36355180.84,36355181.0,0.888934239513595,2.783328704140459,2.782839272069558,0.00241533163509903,11152.58,11137.0,388.75316600850033,304.78,303.0,26.619227361178655,0.027381204986423623,0.026812274267473277,0.0027430226825692575,5210921.74,5210922.0,1.065411676627824,4214.68,4210.0,61.65256172574603,0.0008088165994839277,0.0008079185226827906,1.183143816584554e-05,57964.46,57985.0,430.1375295015705,68.52,66.0,10.898867194458743,320.20822143554693,320.208221435547,0.0,4645152,4645152,0.0,0.5464435425026466,0.6157976678252516,0.09439707406618587,50,0.2235842087202994,0.2235842087202994,0.2235842087202994,0.0008675403355250536,2.445137718956248e-08,0.0008677852642794223,0.03485768907360452,0.08733915401659774,0.10017903463084718,2.0445743186844024e-07,0.014628052835742223,0.01462808524626558,0.007420711406637283,0.1590611090843366,0.0,0.0,0.1727480823249525
conv_linear,conv_linear_float_skip_kernel,float,skip_kernel,512,1,7,inputs/float/matrix_n512_d1.bin,inputs/float/kernel_k7.bin,0.010835685439999998,0.010306618,0.0018127020445401186,0.010835685439999998,0.010306618,0.0018127020445401186,0.010835685439999998,0.010306618,0.0018127020445401186,17740943.98,17740680.5,29049.90397292773,56818432.14,56818432.0,1.0692358530212853,3.2026808377028697,3.2027199863953686,0.0052403765878938045,11633.56,11695.5,570.2017602103139,348.7,318.5,200.5249488269248,0.03014579899490246,0.02710400742533408,0.018158766466489448,7732770.36,7732770.0,0.8514093957403334,4220.76,4192.0,86.9112989061321,0.0005458276663039287,0.0005421084553142017,1.1239346204832269e-05,62527.16,62521.0,525.3815468741913,61.66,61.5,8.798446059459854,292.83413696289074,292.834136962891,0.0,8193152,8193152,0.0,0.7729258356653509,0.7949508565569747,0.10368095697077905,50,0.1672900209753707,0.1672900209753707,0.1672900209753707,0.0016374497324199164,1.8818468105327154e-08,0.0016362468985990114,0.049013522963762934,0.5750643786261107,0.6023647430794594,1.1010405793821263e-07,0.02059138612622658,0.020591382406354528,0.008402453379846313,0.14269292992961166,0.0,0.0,0.1341408867275452
conv_linear,conv_linear_float_skip_kernel,float,skip_kernel,512,2,3,inputs/float/matrix_n512_d2.bin,inputs/float/kernel_k3.bin,0.0069313274,0.006562841,0.0015713602444150099,0.0069313274,0.006562841,0.0015713602444150099,0.0069313274,0.006562841,0.0015713602444150099,8970176.74,8969669.5,10442.333758254292,20766167.12,20766167.0,0.5584234369669541,2.3150262571162474,2.3151540314409385,0.002693520397245305,11036.48,11053.5,316.58762465016235,319.48,315.5,33.18669514570376,0.028979894335453813,0.028845898098002358,0.003177794954233154,3168832.08,3168832.0,0.4882287853983432,4186.02,4186.0,40.4018033543766,0.0013209977345149534,0.0013209914567891261,1.2749702972739699e-05,56247.08,56185.5,340.772222687089,67.18,62.0,29.737415448404732,260017.53125,260017.53125,0.0,2080800,2080800,0.0,0.3116662303994249,0.31705782462312504,0.05288217354551287,50,0.22670408620649052,0.22670408620649052,0.22670408620649052,0.0011641168352558337,2.6891021041101687e-08,0.0011634945344423588,0.028685561397308053,0.10387722281740253,0.10965516014133497,1.540721543687298e-07,0.009651603039253658,0.009651570657251097,0.006058487350580493,0.44265280512659616,0.0,0.0,0.16967566065062673
conv_linear,conv_linear_float_skip_kernel,float,skip_kernel,512,2,5,inputs/float/matrix_n512_d2.bin,inputs/float/kernel_k5.bin,0.00901439562,0.008344478499999999,0.0019258884178789807,0.00901439562,0.008344478499999999,0.0019258884178789807,0.00901439562,0.008344478499999999,0.0019258884178789807,13059889.5,13059151.5,15382.57808101034,36355475.98,36355476.0,0.9365590523439017,2.7837544395539653,2.7839080127077995,0.003276685629330004,11339.9,11294.0,369.9706689973777,317.7,317.0,25.38298481990144,0.02801559621482237,0.027553536036007936,0.002029964707911582,5210968.48,5210968.0,0.6773296910225887,4205.36,4209.0,53.62635660241128,0.0008070208087862043,0.0008077194102899883,1.0291011984702613e-05,57931.3,57943.0,335.4470821127527,64.88,64.0,10.763961034064415,257981.078125,257981.078125,0.0,4645152,4645152,0.0,0.5343505139945447,0.5566930168226153,0.09259977505154753,50,0.2136458725647744,0.2136458725647744,0.2136458725647744,0.0011778490224599787,2.576115501442272e-08,0.0011770742357055817,0.03262556715644562,0.07989608064180498,0.07245837969486359,1.2998153675698084e-07,0.012751906282080793,0.01275185456516389,0.005790429044622729,0.1659056879479719,0.0,0.0,0.17329406939148728
conv_linear,conv_linear_float_skip_kernel,float,skip_kernel,512,2,7,inputs/float/matrix_n512_d2.bin,inputs/float/kernel_k7.bin,0.010395593879999998,0.009554009499999998,0.0014904134340825914,0.010395593879999998,0.009554009499999998,0.0014904134340825914,0.010395593879999998,0.009554009499999998,0.0014904134340825914,17731764.44,17730886.0,29130.94501515382,56818747.14,56818747.0,0.8573809184268079,3.2043566555778558,3.2045069855182606,0.005263313731748713,11004.46,10997.5,283.07900462087036,344.72,315.0,117.60363037572867,0.03135901027467197,0.028561004220176933,0.010872978058790986,7732817.38,7732817.0,0.7795864942964983,4210.74,4206.5,49.70887080526674,0.0005445285712674662,0.0005439802503942487,6.428297865273984e-06,62416.38,62363.0,630.7442927662056,68.2,65.0,14.513892008158592,255965.359375,255965.359375,0.0,8193152,8193152,0.0,0.8004607876779373,0.8575616350959877,0.08896500880428203,50,0.1433697248360179,0.1433697248360179,0.1433697248360179,0.0016428678101226691,1.5089754026329413e-08,0.0016425492844520943,0.02572402504265274,0.3411569690639611,0.3467258042761913,1.0081532460766561e-07,0.011805257699422606,0.011805253579828187,0.010105428939746355,0.212813665808777,0.0,0.0,0.11114224478423396
conv_linear,conv_linear_float_skip_kernel,float,skip_kernel,1024,0,3,inputs/float/matrix_n1024_d0.bin,inputs/float/kernel_k3.bin,0.026266345680000004,0.023502727,0.005629316007260765,0.026266345680000004,0.023502727,0.005629316007260765,0.026266345680000004,0.023502727,0.005629316007260765,37622358.14,37647319.0,91463.42508570757,83736563.94,83736563.0,1.7660055256794478,2.22572571947404,2.2242371120769198,0.005424290217834163,25437.92,25603.0,952.0486362126103,4977.46,4998.5,360.4040935009542,0.1955833000497597,0.1948270871296764,0.010627850333178654,12652100.76,12652100.0,1.5591729885282528,3974.44,3955.5,88.78894029307568,0.00031413281281238885,0.0003126358593764461,7.01772205477866e-06,246660.48,246741.0,873.0626655396561,6868.32,6556.5,1080.3523695762321,521986.03125,521986.03125,0.0,8355872,8355872,0.0,0.3296333884575372,0.3555277956502928,0.05545898465954574,50,0.2143166802052368,0.2143166802052368,0.2143166802052368,0.002431092297440651,2.1090016625769943e-08,0.002437088348476278,0.037426355465093465,0.07240723049526349,0.05433925253574691,1.232343164273261e-07,0.022339987593994547,0.02233998413584986,0.0035395320139637127,0.15729499638575842,0.0,0.0,0.1682444394333248
conv_linear,conv_linear_float_skip_kernel,float,skip_kernel,1024,0,5,inputs/float/matrix_n1024_d0.bin,inputs/float/kernel_k5.bin,0.03112587026000001,0.0294197705,0.00447522227419271,0.03112587026000001,0.0294197705,0.00447522227419271,0.03112587026000001,0.0294197705,0.00447522227419271,54339127.06,54354356.5,108590.82452338997,146894753.38,146894753.0,1.3981036720791808,2.7033067595950757,2.702538723264489,0.0054136399511450686,28543.76,28632.5,655.3687094347143,5184.04,5183.0,374.1722816117337,0.18149575939730142,0.1819381218824411,0.010240637549547644,20930390.98,20930390.5,2.32545804132759,3981.94,3954.0,114.52945615225201,0.00019024680444195235,0.00018891190326566191,5.471920986895132e-06,299924.12,299986.5,1053.2382066750022,7080.8,6886.0,741.6032549517985,519947.71875,519947.71875,0.0,18727200,18727200,0.0,0.6095960935231808,0.6365515362974479,0.05737662368517798,50,0.14377822167895615,0.14377822167895615,0.14377822167895615,0.0019983910378885274,9.517723675688034e-09,0.0020025991988996358,0.022960139429238278,0.07217773813700004,0.05642356374360506,1.111043765761317e-07,0.028762225486132893,0.02876222285544203,0.0035116822437455254,0.10473438805668829,0.0,0.0,0.09412236117454081
conv_linear,conv_linear_float_skip_kernel,float,skip_kernel,1024,0,7,inputs/float/matrix_n1024_d0.bin,inputs/float/kernel_k7.bin,0.04833923158000003,0.0425763245,0.01049192599891985,0.04833923158000003,0.0425763245,0.01049192599891985,0.04833923158000003,0.0425763245,0.01049192599891985,82577639.44,82581032.0,92205.43035895635,230282772.62,230282771.0,2.995847460478969,2.7886853593803314,2.788567393209715,0.003115258751805024,30387.94,30302.5,723.0010983140102,5553.34,5518.5,308.0667572763663,0.18272523256381795,0.18257093748749825,0.008629976805423299,31216206.96,31216206.5,2.040008003832631,4000.46,3976.5,104.78787318839409,0.0001281533020632442,0.0001273857518953543,3.3568417281902825e-06,399266.3,399045.0,1434.3904948920756,7362.7,7353.5,437.6237434330162,517927.03125,517927.03125,0.0,33162368,33162368,0.0,0.7113989492958153,0.7788922243019778,0.120466704297126,50,0.21704784407993777,0.21704784407993777,0.21704784407993777,0.001116590774261013,1.3009429348076125e-08,0.0011171065754428675,0.02379236954903854,0.05547413939653727,0.047229256104020685,6.535092512830492e-08,0.026193955992159422,0.02619395422627243,0.0035925659012345287,0.05943794306884923,0.0,0.0,0.1693377596584463
conv_linear,conv_linear_float_skip_kernel,float,skip_kernel,1024,1,3,inputs/float/matrix_n1024_d1.bin,inputs/float/kernel_k3.bin,0.025396854500000007,0.0236797985,0.0055036166419476775,0.025396854500000007,0.0236797985,0.0055036166419476775,0.025396854500000007,0.0236797985,0.0055036166419476775,37721925.74,37747264.0,118024.3148794667,83736477.88,83736478.0,1.6368212111218814,2.2198571561808107,2.218345625729151,0.006993798671053267,26769.9,26707.0,770.9174033949056,5382.98,5280.0,317.01467744299424,0.20106775680806963,0.19842712534513696,0.009854350075198757,12652093.32,12652093.0,1.2847615515209712,3994.7,3985.5,93.27056319752589,0.0003157343135011011,0.00031500719406719457,7.3719429594815105e-06,246691.86,246674.0,990.4907258319943,7344.08,7326.5,521.3661739573624,-1468.0311279296877,-1468.031127929688,0.0,8355872,8355872,0.0,0.33952692348752533,0.3528694174088784,0.0501480797704757,50,0.21670465694669694,0.21670465694669694,0.21670465694669694,0.0031287987705864856,1.954728993339744e-08,0.0031505624817255635,0.028797918684601197,0.058892040736356864,0.04901009605734689,1.0154537427336737e-07,0.023348577664787318,0.0233485644234731,0.004015092860510251,0.07099135275723609,0.0,0.0,0.1476998620768235
conv_linear,conv_linear_float_skip_kernel,float,skip_kernel,1024,1,5,inputs/float/matrix_n1024_d1.bin,inputs/float/kernel_k5.bin,0.031930066800000004,0.030530970499999997,0.0051800225825852485,0.031930066800000004,0.030530970499999997,0.0051800225825852485,0.031930066800000004,0.030530970499999997,0.0051800225825852485,54358562.0,54392301.0,124264.66879731388,146894644.2,146894644.0,1.5518257876171535,2.7023415125302845,2.7006514488361466,0.00619528613336589,28807.24,28847.0,780.3405211698241,5397.34,5312.0,435.2592757688882,0.18726681823023053,0.1846051892015918,0.012664099758696435,20930381.94,20930382.0,1.8780145831114534,3982.76,3962.5,117.2777202774227,0.00019028606403024014,0.00018931807914385177,5.6032251980855056e-06,299256.02,299231.5,1053.1974152599378,7178.38,7001.5,795.2135354348387,-1449.3861083984377,-1449.386108398438,0.0,18727200,18727200,0.0,0.5963872166020547,0.6133837479953346,0.06332927757169574,50,0.1622302457126475,0.1622302457126475,0.1622302457126475,0.002286018323982041,1.0564209444588815e-08,0.0022925622481982503,0.027088347275539902,0.08064329387603675,0.06762596747453077,8.97267230237392e-08,0.029446343811181868,0.029446324546368485,0.0035193858932560077,0.11077896899228498,0.0,0.0,0.10618818748751421
conv_linear,conv_linear_float_skip_kernel,float,skip_kernel,1024,1,7,inputs/float/matrix_n1024_d1.bin,inputs/float/kernel_k7.bin,0.04653044235999999,0.042688423,0.008967371713361743,0.04653044235999999,0.042688423,0.008967371713361743,0.04653044235999999,0.042688423,0.008967371713361743,82635389.18,82645750.0,136590.52334529706,230282686.22,230282685.0,2.5418135882469746,2.7867395117231903,2.7863826634972635,0.004615886653856591,30869.48,30745.5,722.0949748149901,5786.52,5754.0,533.6728815386779,0.18735916484360943,0.18574399810069495,0.015449978269218628,31216200.06,31216199.0,2.2534327552044395,3979.08,3976.5,53.74613037803048,0.00012746842962941954,0.00012738578454039157,1.7217399662423165e-06,399772.28,399605.5,1707.8725880881398,7675.66,7625.5,588.4973465860111,-1420.6224365234377,-1420.622436523438,0.0,33162368,33162368,0.0,0.7316603622026168,0.7768470936135274,0.10216919588102,50,0.19272053431133002,0.19272053431133002,0.19272053431133002,0.0016529301150596584,1.1037797196002217e-08,0.0016563753570933298,0.023391873618052204,0.09222691385127466,0.08246182289569277,7.2187926489232e-08,0.013507175120387245,0.013507187397285871,0.004272113584483996,0.07667058553740148,0.0,0.0,0.1396401953133639
conv_linear,conv_linear_float_skip_kernel,float,skip_kernel,1024,2,3,inputs/float/matrix_n1024_d2.bin,inputs/float/kernel_k3.bin,0.024415794319999993,0.023146858,0.003927886608652295,0.024415794319999993,0.023146858,0.003927886608652295,0.024415794319999993,0.023146858,0.003927886608652295,37750871.78,37750128.5,81114.47967779585,83736693.7,83736694.0,1.3131983080376897,2.2181493771075336,2.2181830170726355,0.004768093548128191,26933.02,26984.0,706.9452679215944,5573.16,5477.5,458.1572388495071,0.2067815762203052,0.2050592351391693,0.013553677737017556,12652125.58,12652126.0,1.1621584423689781,3989.92,3966.5,85.69615046244286,0.0003153557065137775,0.0003135046236217023,6.773266036392805e-06,246980.36,246914.5,930.3846858549779,7694.3,7217.0,2003.430407565779,1044522.3125,1044522.3125,0.0,8355872,8355872,0.0,0.34853743527823366,0.36099596601608963,0.040430726665908745,50,0.16087482377891754,0.16087482377891754,0.16087482377891754,0.0021486783179605782,1.568247144725383e-08,0.002149581807851816,0.02624827323195076,0.0822078029070594,0.06554586721293516,9.185479823296048e-08,0.021478162585325734,0.021478178122319436,0.0037670391518377327,0.2603785149481797,0.0,0.0,0.1160011022449664
conv_linear,conv_linear_float_skip_kernel,float,skip_kernel,1024,2,5,inputs/float/matrix_n1024_d2.bin,inputs/float/kernel_k5.bin,0.03262471157999999,0.029784737999999998,0.0065963614303301155,0.03262471157999999,0.029784737999999998,0.0065963614303301155,0.03262471157999999,0.029784737999999998,0.0065963614303301155,54375550.8,54407666.5,131934.5033244502,146894847.14,146894847.0,1.8295756147025928,2.701502719100048,2.6998924407345175,0.00658338554593472,28793.86,28744.0,779.6304726455679,5384.92,5350.5,399.0076384108506,0.18689537625935895,0.18564158028944866,0.010577032142378855,20930412.8,20930412.0,2.030381486336092,3962.1,3952.5,56.96946908795335,0.0001892987031604182,0.0001888400612119837,2.721850023352678e-06,299478.12,299483.0,1005.630346334775,7253.56,7004.0,923.4658797272416,1040466.1875,1040466.1875,0.0,18727200,18727200,0.0,0.5901837799081197,0.6287517842770138,0.08267313388438406,50,0.2021891109797243,0.2021891109797243,0.2021891109797243,0.0024263570921740476,1.2455001998530913e-08,0.002436934636189389,0.027076275033829013,0.0740972267760432,0.05659333234494184,9.700628008330978e-08,0.014378604550100541,0.014378598362853491,0.003357942631450922,0.12731208947430525,0.0,0.0,0.14008032192490055
conv_linear,conv_linear_float_skip_kernel,float,skip_kernel,1024,2,7,inputs/float/matrix_n1024_d2.bin,inputs/float/kernel_k7.bin,0.04693069942000003,0.041419978999999996,0.011539830368974182,0.04693069942000003,0.041419978999999996,0.011539830368974182,0.04693069942000003,0.041419978999999996,0.011539830368974182,82575403.6,82592868.5,149400.96773912647,230282902.26,230282901.0,2.947222840327408,2.7887679876754805,2.788169314103013,0.0050533197872812356,30628.38,30638.0,946.8224816916497,5646.24,5441.5,593.3803047982375,0.1841163027833292,0.17955470748588753,0.015500676382853133,31216231.64,31216231.0,2.077675310521846,3978.56,3965.0,89.40783876513885,0.00012745164264881066,0.00012701724365289972,2.864145578421249e-06,399149.2,399109.0,1263.2347205423569,7653.14,7326.0,1326.7133398449148,1036431.3125,1036431.3125,0.0,33162368,33162368,0.0,0.7365008436438036,0.8006387484630562,0.12501042164678589,50,0.24589086699305313,0.24589086699305313,0.24589086699305313,0.0018092671815790734,1.2798270350961001e-08,0.001812025887278391,0.030913240651044872,0.10509300079313623,0.08418959184236151,6.655753117424798e-08,0.022472411818632583,0.022472410075665483,0.0031648183700289435,0.17335542533455742,0.0,0.0,0.1697356122883752
conv_linear,conv_linear_float_skip_kernel,float,skip_kernel,2048,0,3,inputs/float/matrix_n2048_d0.bin,inputs/float/kernel_k3.bin,0.12397215219999998,0.1315661085,0.026870211130237256,0.12397215219999998,0.1315661085,0.026870211130237256,0.12397215219999998,0.1315661085,0.026870211130237256,150589038.9,150782324.0,673928.7380818095,334919739.94,334919741.0,7.5279343718856255,2.2241085011517465,2.2212135542185525,0.01002606820667037,137235.84,136660.5,5561.247475529355,53335.54,53214.5,2208.6239340459947,0.3886960047082087,0.38868498932937007,0.007410967524359019,50561623.88,50561622.0,5.037167975480211,7134.66,7124.0,662.0495267866048,0.00014110820589486247,0.00014089736194003555,1.3093920406454982e-05,1083293.18,1083042.0,1992.69291376554,155459.7,157819.5,5259.178640185913,2092719.75,2092719.75,0.0,33488928,33488928,0.0,0.2841464837323568,0.2545406913682813,0.0666446993814525,50,0.21674392719171703,0.21674392719171703,0.21674392719171703,0.004475284144215422,2.2476830936373697e-08,0.004507904268824298,0.04052328805310155,0.04140998542521543,0.019066230253440293,9.962433143830844e-08,0.09279342348291367,0.09279347238112473,0.001839477022984249,0.033829851982127276,0.0,0.0,0.2345434597889533
conv_linear,conv_linear_float_skip_kernel,float,skip_kernel,2048,0,5,inputs/float/matrix_n2048_d0.bin,inputs/float/kernel_k5.bin,0.15009842291999997,0.140338741,0.0337070882098136,0.15009842291999997,0.140338741,0.0337070882098136,0.15009842291999997,0.140338741,0.0337070882098136,217797679.0,217937746.5,505148.98609989113,589160408.14,589160405.5,8.576212968584029,2.7050955305448348,2.7033426241485268,0.006302253707595891,151370.28,152429.0,5567.891162875997,55517.84,55942.5,1915.181372132484,0.3668912766423597,0.36627000392846476,0.008371355060141755,83895147.84,83895147.0,3.4603291106432357,7062.4,6823.0,666.3500336511876,8.418126894800631e-05,8.132771021306008e-05,7.942653372196937e-06,1362942.88,1362904.0,3699.9563739292466,158582.28,159560.5,3333.888671671871,2088695.25,2088695.25,0.0,75202848,75202848,0.0,0.525174670938357,0.5359039498959183,0.11066255132160392,50,0.22456657141413758,0.22456657141413758,0.22456657141413758,0.0023193497213525914,1.4556668863169935e-08,0.0023297712174795357,0.03678325205500047,0.03449668380708767,0.022816991280776702,4.1245878930240115e-08,0.09435178319709839,0.09435178955430851,0.0027146819050327675,0.021023084493878328,0.0,0.0,0.21071570554588506
conv_linear,conv_linear_float_skip_kernel,float,skip_kernel,2048,0,7,inputs/float/matrix_n2048_d0.bin,inputs/float/kernel_k7.bin,0.20380921456,0.1882515845,0.042368389943465916,0.20380921456,0.1882515845,0.042368389943465916,0.20380921456,0.1882515845,0.042368389943465916,331728608.04,331863379.5,630843.8791672343,925800044.4,925800040.5,10.808160190112032,2.790845628326986,2.7897023534018395,0.0053235332426474396,162490.08,163128.5,4718.184664050526,58613.44,58866.5,1731.5792503977873,0.3607908773872299,0.3615575886564705,0.007403782371418315,125437550.92,125437550.5,2.7836255896579902,7051.72,6928.5,624.4438845068139,5.621697767849073e-05,5.52346559480298e-05,4.978125625970908e-06,1662698.24,1661850.5,4767.783280583591,162097.16,162356.0,1440.614372341162,2084556.75,2084556.75,0.0,133432448,133432448,0.0,0.6799081993029041,0.7088178374857528,0.1252568357298926,50,0.20788260253558338,0.20788260253558338,0.20788260253558338,0.0019016866917042222,1.1674400163932453e-08,0.0019074982824609725,0.029036755130224114,0.02954235838056574,0.020520979978858992,2.2191326036278373e-08,0.08855199646424047,0.08855199677295346,0.0028674976408127975,0.008887351094498891,0.0,0.0,0.1842260997268688
conv_linear,conv_linear_float_skip_kernel,float,skip_kernel,2048,1,3,inputs/float/matrix_n2048_d1.bin,inputs/float/kernel_k3.bin,0.11729874310000003,0.110682105,0.02709851603634791,0.11729874310000003,0.110682105,0.02709851603634791,0.11729874310000003,0.110682105,0.02709851603634791,151135967.06,151237619.0,576960.6494601205,334919489.06,334919489.0,6.494613154186335,2.2160463361795224,2.214525048178131,0.008519421124287496,142648.88,140798.0,4913.517446757651,58449.52,58305.5,1633.2847738998444,0.409863287883704,0.40859224652081694,0.00563321502241085,50561580.2,50561580.0,3.123315872697488,7311.5,7196.5,630.0381669682675,0.0001446058445792102,0.00014233139631300687,1.2460810483652279e-05,1083131.78,1082311.5,2162.9118344660296,161503.3,162663.5,3633.5780209999457,-2226.6865234375,-2226.6865234375,0.0,33488928,33488928,0.0,0.30079788489326176,0.3027148297336129,0.06798191200043252,50,0.23102136749449878,0.23102136749449878,0.23102136749449878,0.003817494013394382,1.9391565335341955e-08,0.0038444237312181074,0.034444837188750806,0.02794351046680699,0.013744131735968597,6.177251304929524e-08,0.08617084961612084,0.08617086342472602,0.001996905523782184,0.02249847539338172,0.0,0.0,0.22600528598981315
conv_linear,conv_linear_float_skip_kernel,float,skip_kernel,2048,1,5,inputs/float/matrix_n2048_d1.bin,inputs/float/kernel_k5.bin,0.1474022826,0.1395509295,0.027214996977596016,0.1474022826,0.1395509295,0.027214996977596016,0.1474022826,0.1395509295,0.027214996977596016,217824546.06,218050609.5,675415.3549336429,589160145.98,589160145.5,7.2407294522301395,2.704771997359112,2.701942213256763,0.008440088924063695,151741.4,152941.0,5485.148374827938,57061.1,56947.0,1851.3087510830637,0.3761717137843678,0.3780198114249445,0.007827602006809355,83895105.14,83895104.5,3.3987392631953153,7053.4,6879.5,720.0907539175536,8.407403498923516e-05,8.200121293063382e-05,8.58322782087168e-06,1364185.54,1364176.5,3887.1753829163586,160810.06,161717.0,3125.6584965640195,-2178.1533203125,-2178.1533203125,0.0,75202848,75202848,0.0,0.5267792199055322,0.5388937384321834,0.09241495080407217,50,0.18463077028086686,0.18463077028086686,0.18463077028086686,0.0031007311487641024,1.2289917268904909e-08,0.0031204437683858156,0.03614800163190756,0.03244432285888396,0.020808587461460103,4.0511770710861706e-08,0.10209129695147781,0.10209130347997068,0.002849447724622824,0.019436958711190205,0.0,0.0,0.17543393382268385
conv_linear,conv_linear_float_skip_kernel,float,skip_kernel,2048,1,7,inputs/float/matrix_n2048_d1.bin,inputs/float/kernel_k7.bin,0.19482235536000003,0.1869108005,0.03382867461206087,0.19482235536000003,0.1869108005,0.03382867461206087,0.19482235536000003,0.1869108005,0.03382867461206087,331732188.08,331809136.0,456296.06805999565,925799816.64,925799815.0,8.421934423397763,2.7908101000561936,2.790157708384458,0.003856185670290586,162893.06,163730.0,4139.120740752875,58173.22,58320.0,1683.16949914652,0.35714175513170354,0.3564031964776061,0.005968783364152626,125437516.72,125437516.5,2.9763695184067074,6980.04,6778.5,708.636746989368,5.56455531364621e-05,5.403885557744239e-05,5.64932073344533e-06,1663886.96,1663810.0,5013.81395810918,161847.1,162017.0,2263.3295975944184,-2149.34619140625,-2149.34619140625,0.0,133432448,133432448,0.0,0.702414500434224,0.7138877641091785,0.1046322861331516,50,0.17363856703996305,0.17363856703996305,0.17363856703996305,0.0013754953075278786,9.096928160953241e-09,0.0013817442004430687,0.025410049640867908,0.028933751632564262,0.016712644988686666,2.3727905304842097e-08,0.10152330745803291,0.10152330986074028,0.003013314052361574,0.013984369182978369,0.0,0.0,0.14896088572839714
conv_linear,conv_linear_float_skip_kernel,float,skip_kernel,2048,2,3,inputs/float/matrix_n2048_d2.bin,inputs/float/kernel_k3.bin,0.12212435716000002,0.13418686600000002,0.026352778371833717,0.12212435716000002,0.13418686600000002,0.026352778371833717,0.12212435716000002,0.13418686600000002,0.026352778371833717,150952392.14,151140676.5,672273.3331721934,334919760.94,334919763.5,6.640660163927383,2.218754566200863,2.2159472101445834,0.009939566491464989,142213.76,141232.0,4474.514150162008,58319.42,58177.0,1674.849053082768,0.4101624571986144,0.4103078202072784,0.006278238441292957,50561625.02,50561624.0,4.073257734073186,7153.1,7013.0,669.0082593065708,0.0001414729055763976,0.0001387020198675303,1.3231542517816935e-05,1082953.8,1082429.5,2354.439410725065,161773.2,163175.0,4592.0335853496945,4186952.75,4186952.75,0.0,33488928,33488928,0.0,0.28793913543488314,0.2495708900522267,0.06515847376570172,50,0.21578642446656146,0.21578642446656146,0.21578642446656146,0.004453545410189307,1.9827615263098912e-08,0.004479795396425637,0.03146329968465786,0.028718547836771493,0.015306711599528048,8.056026151180823e-08,0.09352703852966837,0.09352704296210056,0.0021740903542931053,0.02838562620600751,0.0,0.0,0.2262925241728288
conv_linear,conv_linear_float_skip_kernel,float,skip_kernel,2048,2,5,inputs/float/matrix_n2048_d2.bin,inputs/float/kernel_k5.bin,0.14188245019999998,0.1243601065,0.028234751241167526,0.14188245019999998,0.1243601065,0.028234751241167526,0.14188245019999998,0.1243601065,0.028234751241167526,217793312.68,218029038.5,643117.7283942323,589160426.94,589160424.0,6.905809431481848,2.7051587699487016,2.7022107974904506,0.008033097125421084,150839.36,150838.0,4868.558856288259,57099.92,57270.5,1719.937609689517,0.3786481948136261,0.3790575661704908,0.007639362925347948,83895151.44,83895150.5,3.535014361379327,6965.62,6904.5,612.8326298793969,8.302768261226226e-05,8.229915459832932e-05,7.304745178560039e-06,1364287.76,1363796.5,4502.40262644427,161133.36,161700.5,2527.5401509558455,4178361.75,4178361.75,0.0,75202848,75202848,0.0,0.5489819140766462,0.604720409460948,0.09775868615121026,50,0.19900101246748506,0.19900101246748506,0.19900101246748506,0.002952880969945823,1.1721441420207833e-08,0.0029695473754294344,0.03227644864237199,0.03012154149584653,0.02017535810281126,4.2136098459843565e-08,0.08797962419417035,0.08797963460780982,0.003300185458267448,0.015686014062859768,0.0,0.0,0.17807268990934674
conv_linear,conv_linear_float_skip_kernel,float,skip_kernel,2048,2,7,inputs/float/matrix_n2048_d2.bin,inputs/float/kernel_k7.bin,0.19811785593999998,0.1933078525,0.027914904948648213,0.19811785593999998,0.1933078525,0.027914904948648213,0.19811785593999998,0.1933078525,0.027914904948648213,331434525.96,331731866.5,703861.2036557411,925800050.34,925800050.0,7.072828128980824,2.7933244173057066,2.790808316101489,0.005949348486108051,162103.18,162787.0,4224.51727318383,58262.44,58413.0,1771.8945603678635,0.35944588155082186,0.3601789201930974,0.007331605760294528,125437552.88,125437552.0,2.7526610506670073,6972.24,6835.5,718.8902604226964,5.5583354769213037e-05,5.449325138750305e-05,5.731061181100516e-06,1664375.32,1663995.5,4564.895516787163,161897.3,162167.0,1789.9422776008314,4170234.75,4170234.75,0.0,133432448,133432448,0.0,0.6862450123047096,0.6902614756855352,0.09316703042560434,50,0.1409004999382905,0.1409004999382905,0.1409004999382905,0.002123680994359315,7.639692962193433e-09,0.0021298451584246983,0.026060668724597693,0.030412295818161125,0.02039696693327648,2.1944473464819137e-08,0.10310750353153311,0.10310750772234574,0.0027427080069819605,0.011056035385400693,0.0,0.0,0.13576350830253597
conv_malloc,conv_malloc_double_full,double,full,512,0,3,inputs/double/matrix_n512_d0.bin,inputs/double/kernel_k3.bin,0.00894793292,0.0085651185,0.0014916297286789407,0.00894793292,0.0085651185,0.0014916297286789407,0.00894793292,0.0085651185,0.0014916297286789407,10489281.16,10489654.0,14916.563760560031,29974829.36,29974829.0,0.6928203232279282,2.8576685373603574,2.8575613174096937,0.004062775020014597,69098.1,68806.5,1711.3493691427568,4448.18,4355.0,595.725237651982,0.06440638398457817,0.06286183993604241,0.008761566777645528,4693504.38,4693504.0,0.5674864018127629,5610.24,5602.5,56.26597188209534,0.0011953200733050772,0.001193670955264521,1.1988042044342321e-05,183407.24,183387.5,381.84939653304093,5356.04,5197.0,758.661252685631,129875.9107775232,129875.91077752324,0.0,4681800,4681800,0.0,0.5347051292185528,0.5466124041852733,0.07157383462588614,50,0.16670104056601942,0.16670104056601942,0.16670104056601942,0.0014220768356789887,2.3113403412813563e-08,0.0014217096793763921,0.024766952624497008,0.1339256139931347,0.13603568832157148,1.2090888936440343e-07,0.010029155950921057,0.010029148101893088,0.0020819755890391293,0.14164592734289344,0.0,0.0,0.13385664493341973
conv_malloc,conv_malloc_double_full,double,full,512,0,5,inputs/double/matrix_n512_d0.bin,inputs/double/kernel_k5.bin,0.014084927759999998,0.0126377685,0.003214583444782845,0.014084927759999998,0.0126377685,0.003214583444782845,0.014084927759999998,0.0126377685,0.003214583444782845,19421202.98,19418472.5,16245.516042569188,54013335.6,54013335.0,1.087967587807113,2.781154836136027,2.781543992784627,0.00232349519376856,69505.54,69014.5,1792.7989428231351,4908.8,4745.0,1260.5607433817308,0.07048583873885791,0.06875553527229598,0.01728685708816595,7239617.54,7239617.0,0.9082389330025589,5617.84,5613.5,52.17019244350001,0.0007759857436336033,0.0007753863222322397,7.206214398279374e-06,199040.82,199041.5,597.9318331907579,5791.52,5532.0,1879.9767718929786,128848.41690527533,128848.41690527527,0.0,12903200,12903200,0.0,0.9551872357409017,1.021003646606715,0.17726048182516718,50,0.22822860717198634,0.22822860717198634,0.22822860717198634,0.0008364835102799171,2.0142573601899766e-08,0.0008354425879418808,0.025793612175707654,0.2567961097175951,0.24525291033581662,1.254539936653282e-07,0.009286521588991499,0.009286529369129657,0.003004066367847348,0.3246085262406032,0.0,0.0,0.18557668611188372
conv_malloc,conv_malloc_double_full,double,full,512,0,7,inputs/double/matrix_n512_d0.bin,inputs/double/kernel_k7.bin,0.02064368738,0.0192344685,0.004112923402848506,0.02064368738,0.0192344685,0.004112923402848506,0.02064368738,0.0192344685,0.004112923402848506,35428893.36,35427746.5,23044.12029817265,96362688.44,96362688.0,1.3117988896158286,2.7198910040378426,2.7199779280478436,0.001766483707083855,70172.48,69999.0,1856.5231739760754,4875.9,4726.0,859.459921778123,0.06955160295957147,0.06836074077992209,0.012675511688994784,11537676.22,11537676.0,0.9957050624597744,5633.86,5626.0,54.78939641193071,0.0004883011007737174,0.000487619863826996,4.7487247221636676e-06,311462.1,311493.5,637.3547453565974,5410.66,5350.0,829.8090906580713,127831.7832071678,127831.78320716765,0.0,25091528,25091528,0.0,1.2492459409172099,1.3045148169736158,0.17620580038026207,50,0.19923395114155745,0.19923395114155745,0.19923395114155745,0.0006504329690463877,1.3613141256769908e-08,0.0006494685649025652,0.026456570638177183,0.17626692954698067,0.18224614745921425,8.630031242632447e-08,0.009725019154173287,0.009724992867391188,0.00204633162544206,0.15336559507676908,0.0,0.0,0.14104972816712927
conv_malloc,conv_malloc_double_full,double,full,512,1,3,inputs/double/matrix_n512_d1.bin,inputs/double/kernel_k3.bin,0.008792484439999998,0.0079451015,0.001442885735111442,0.008792484439999998,0.0079451015,0.001442885735111442,0.008792484439999998,0.0079451015,0.001442885735111442,10504414.7,10501469.0,19673.21747986849,29974266.58,29974266.0,0.7848046686355523,2.853502083039499,2.854292813838892,0.005324165317465803,68292.76,68058.5,1695.6831933603917,5199.94,4867.0,988.1982452103089,0.07629576122330962,0.07160332666322784,0.01569504830757682,4693386.66,4693386.5,0.7722218143709556,5620.66,5583.5,130.0875074395569,0.0011975701991603336,0.0011896525897511804,2.7717163632392157e-05,183590.08,183579.0,424.1299781521554,6250.28,6072.5,1100.3705691210369,327.9197620546658,327.919762054666,0.0,4681800,4681800,0.0,0.5432341401055796,0.5892687926014986,0.0681233939058811,50,0.1641044399859572,0.1641044399859572,0.1641044399859572,0.0018728523236871534,2.618261456175894e-08,0.001865835440987167,0.024829618737921732,0.19004031685179232,0.20571324089209983,1.6453402847720106e-07,0.023144525276312194,0.023144500131871866,0.0023102009550415546,0.17605140395646865,0.0,0.0,0.12540337375084906
conv_malloc,conv_malloc_double_full,double,full,512,1,5,inputs/double/matrix_n512_d1.bin,inputs/double/kernel_k5.bin,0.01319692804,0.012446129,0.002554458250367728,0.01319692804,0.012446129,0.002554458250367728,0.01319692804,0.012446129,0.002554458250367728,19436371.04,19434080.0,24949.657422669417,54012729.58,54012729.0,0.991597350378319,2.778955825111822,2.779278954323613,0.00355577656830748,69057.42,68935.0,1826.2328918026956,5735.98,5589.0,1214.828307176931,0.0832807322734429,0.08018680278574726,0.019354374767654486,7239494.6,7239494.0,0.9689042832661077,5609.14,5592.5,54.083084231578475,0.000774797179848488,0.0007724986875762519,7.4705550665269175e-06,198861.78,198852.5,473.92586563981814,7183.96,7032.5,1402.1938199020233,312.7354856307888,312.735485630789,0.0,12903200,12903200,0.0,1.0040232376205092,1.0367266952956724,0.14109871260338533,50,0.1935646115993922,0.1935646115993922,0.1935646115993922,0.0012836582184669704,1.8358586171980666e-08,0.001279536916771392,0.02644513640681473,0.21179088964343165,0.23239919053673275,1.3383590109537588e-07,0.009641956562249912,0.009641949223392616,0.002383192313977166,0.1951839681599039,0.0,0.0,0.14053331368881766
conv_malloc,conv_malloc_double_full,double,full,512,1,7,inputs/double/matrix_n512_d1.bin,inputs/double/kernel_k7.bin,0.02072948744,0.019563953000000002,0.0039961377928966904,0.02072948744,0.019563953000000002,0.0039961377928966904,0.02072948744,0.019563953000000002,0.0039961377928966904,35444121.28,35436112.5,34729.99684037179,96362101.64,96362101.0,1.5486663115509114,2.7187073249755924,2.719319170743782,0.002659330222666953,69565.82,68944.5,2544.431789261422,5776.74,5407.5,1157.0672957692548,0.08322967815122581,0.07894744885830624,0.01756578427652126,11537555.22,11537555.0,1.0745668324351758,5669.94,5626.5,130.90663599275163,0.0004914334004112341,0.00048766833560974114,1.134610940873285e-05,311467.9,311624.0,734.1677017451437,6826.76,6602.0,1426.443337215227,301.15942725259674,301.159427252597,0.0,25091528,25091528,0.0,1.2416343784066812,1.2825398858715171,0.1678375763507338,50,0.192775523488616,0.192775523488616,0.192775523488616,0.0009798521048388588,1.6071321455156584e-08,0.0009781598034613113,0.03657589013198467,0.20029762387942937,0.21105193083415225,9.313644112163788e-08,0.023087834437886756,0.02308778646147853,0.0023571215580968172,0.20894880400295704,0.0,0.0,0.13517471750911908
conv_malloc,conv_malloc_double_full,double,full,512,2,3,inputs/double/matrix_n512_d2.bin,inputs/double/kernel_k3.bin,0.00902096046,0.008207957,0.0015452155421221089,0.00902096046,0.008207957,0.0015452155421221089,0.00902096046,0.008207957,0.0015452155421221089,10525492.42,10524780.0,21703.064117431106,29974820.32,29974820.0,0.6833291853941152,2.8478425481969576,2.848023482776644,0.00586932622468513,67460.82,67122.5,1955.2653005436941,6630.18,6644.5,933.6308690225685,0.09833862874890109,0.09896631780739745,0.014065306809463492,4693502.42,4693502.0,0.6091144458275857,5609.86,5594.5,87.12435634991947,0.0011952396093029586,0.0011919672338331624,1.8562740576018505e-05,183562.2,183563.5,334.96804599354977,8209.42,8231.5,922.5749699087015,260024.88017988947,260024.8801798894,0.0,4681800,4681800,0.0,0.5308324808918321,0.5705204414143736,0.0715955056028987,50,0.1712916877281279,0.1712916877281279,0.1712916877281279,0.0020619523772771008,2.2796773361746552e-08,0.002060972868180915,0.028983716778771648,0.1408153125590208,0.14302931603183117,1.2977823197278455e-07,0.015530575869971705,0.015530560091498263,0.0018248203932702363,0.1123800426715531,0.0,0.0,0.13487401050254824
conv_malloc,conv_malloc_double_full,double,full,512,2,5,inputs/double/matrix_n512_d2.bin,inputs/double/kernel_k5.bin,0.013451815300000008,0.0125085585,0.002597322238644358,0.013451815300000008,0.0125085585,0.002597322238644358,0.013451815300000008,0.0125085585,0.002597322238644358,19430529.34,19421334.0,31114.786513489027,54013328.6,54013328.0,1.0690449673897857,2.7798246284825963,2.7811337780051426,0.004440569511176266,69086.12,68903.0,2183.790522584667,5256.28,5067.5,1222.5986716158063,0.07625651139712661,0.0734596044170408,0.01861045330255163,7239610.4,7239610.0,0.6388765650097041,5598.44,5592.5,51.2457703580679,0.0007733068067416192,0.0007724863098595559,7.078533388342455e-06,199000.64,199061.0,499.60652926241045,6869.52,6577.5,2755.619055156728,257975.39825785917,257975.3982578593,0.0,12903200,12903200,0.0,0.9864958332135914,1.0315498253210782,0.14647653221392776,50,0.19308340032325277,0.19308340032325277,0.19308340032325277,0.0016013349903667127,1.9792243786837933e-08,0.001597427933286644,0.031609685456133116,0.23259770628958243,0.24405067792352328,8.824736825751066e-08,0.009153580347037372,0.00915358991623045,0.0025105774999638715,0.40113705981738573,0.0,0.0,0.14848165322378343
conv_malloc,conv_malloc_double_full,double,full,512,2,7,inputs/double/matrix_n512_d2.bin,inputs/double/kernel_k7.bin,0.019766735,0.019004723,0.00244635436202579,0.019766735,0.019004723,0.00244635436202579,0.019766735,0.019004723,0.00244635436202579,35446481.96,35440762.5,32975.49329795243,96362676.98,96362677.0,0.9581018637991506,2.7185422431472768,2.718978661938471,0.0025250447221264963,69293.3,69262.0,1744.0088495609596,6196.46,5978.5,1086.4523282835066,0.08957848339319385,0.08557276355329305,0.01667653393585513,11537674.92,11537675.0,0.7515969392779018,5653.58,5636.0,86.70430396774202,0.0004900103389801442,0.0004884866530079359,7.5148768383902745e-06,311373.4,311276.5,522.8284535454467,7940.2,7616.0,1554.983981806073,255959.97601712073,255959.97601712056,0.0,25091528,25091528,0.0,1.2840023405351662,1.3203018563763902,0.12180004250648097,50,0.12376117563299098,0.12376117563299098,0.12376117563299098,0.0009302895936235369,9.942665498987787e-09,0.0009288230589358925,0.025168506184017208,0.17533435675910222,0.18616673674475503,6.514284242616725e-08,0.015336177071473655,0.015336159751304321,0.0016791044242875166,0.19583687839173736,0.0,0.0,0.09485967327420547
conv_malloc,conv_malloc_double_full,double,full,1024,0,3,inputs/double/matrix_n1024_d0.bin,inputs/double/kernel_k3.bin,0.034642976980000004,0.0328908815,0.005044537025877118,0.034642976980000004,0.0328908815,0.005044537025877118,0.034642976980000004,0.0328908815,0.005044537025877118,46957969.38,46986209.5,133803.2592409691,118877308.86,118877308.0,1.702459206017939,2.5315888035202674,2.530046800285886,0.007326261474940452,208592.34,209318.5,3274.709275832668,77640.16,77674.5,968.961875790111,0.3722738647460291,0.3715523268898795,0.006065039570412183,18522873.8,18522873.0,1.577908716901761,7420.72,7410.5,64.47592178322,0.00040062465908708296,0.00040007289365592467,3.4808903155797637e-06,765907.94,766039.0,1022.975579934763,143996.84,145462.5,4090.16964550122,521991.4546911929,521991.4546911925,0.0,18800712,18800712,0.0,0.5510137757084452,0.5716092139905038,0.05867397804652054,50,0.14561499806409298,0.14561499806409298,0.14561499806409298,0.0028494260081433085,1.4321145240786864e-08,0.0028939381722470157,0.015699086916771094,0.012480163304533517,0.016291875806403563,8.518703598260011e-08,0.008688634227301394,0.008688657167314132,0.0013356377790453029,0.028404579194246347,0.0,0.0,0.10648368631271093
conv_malloc,conv_malloc_double_full,double,full,1024,0,5,inputs/double/matrix_n1024_d0.bin,inputs/double/kernel_k5.bin,0.055579694119999995,0.049905082,0.012339540119816203,0.055579694119999995,0.049905082,0.012339540119816203,0.055579694119999995,0.049905082,0.012339540119816203,85376539.04,85465924.0,237666.9393325722,216234200.04,216234199.0,3.225915467367011,2.5327315387674,2.5300633214702666,0.00709731577449918,209359.06,211237.0,5380.306183571673,79031.2,78857.0,1964.2699012350508,0.37766313650677225,0.3739617791076514,0.011472811450664646,28857548.22,28857548.0,2.332468255714287,7432.98,7416.5,111.15139335562978,0.00025757489668426855,0.0002570038264161082,3.851730078398751e-06,1161775.92,1161724.0,1013.3208054184647,145007.88,145758.0,5304.79103298834,519957.8133298895,519957.8133298894,0.0,52020000,52020000,0.0,0.9693549828608273,1.0423789340876204,0.15515391332588474,50,0.22201525782373638,0.22201525782373638,0.22201525782373638,0.0027837499857100343,1.491861817774555e-08,0.002802237689176176,0.025698941252275745,0.024854360065835402,0.030378425484635343,8.082697247639866e-08,0.014953813054202996,0.014953825578430276,0.0008722170841847581,0.03658277766000261,0.0,0.0,0.16005892172543829
conv_malloc,conv_malloc_double_full,double,full,1024,0,7,inputs/double/matrix_n1024_d0.bin,inputs/double/kernel_k7.bin,0.09144485179999999,0.07942789950000001,0.023239595452136674,0.09144485179999999,0.07942789950000001,0.023239595452136674,0.09144485179999999,0.07942789950000001,0.023239595452136674,145260414.5,145331320.5,233340.26174064755,388478051.54,388478049.0,5.8421759979630306,2.674362711805052,2.6730510992377146,0.004305275861936852,211540.86,212322.0,4709.947016513814,81349.84,80227.0,3633.190301896653,0.3845059182000423,0.37941940039459915,0.013210870619185864,46365215.22,46365214.5,2.5816463657025235,7471.06,7437.0,119.20217947603464,0.0001611350225266559,0.00016040041568731491,2.57093825639439e-06,2225892.76,2225433.0,2256.0893613796757,147291.38,147362.5,3972.095606315926,517926.09207450965,517926.0920745095,0.0,101559752,101559752,0.0,1.1692523992743267,1.2787753851069363,0.2377499751911148,50,0.2541378218094141,0.2541378218094141,0.2541378218094141,0.0016063582259752368,1.5038625669593292e-08,0.0016098324445419075,0.022264951633995504,0.044661308515132336,0.03435804234439065,5.5680672535494026e-08,0.015955189688750277,0.015955179799407606,0.0010135660629848474,0.02696760398548731,0.0,0.0,0.2033350329994359
conv_malloc,conv_malloc_double_full,double,full,1024,1,3,inputs/double/matrix_n1024_d1.bin,inputs/double/kernel_k3.bin,0.03593845917999999,0.033889104,0.0065003847275787825,0.03593845917999999,0.033889104,0.0065003847275787825,0.03593845917999999,0.033889104,0.0065003847275787825,46912773.76,46979970.0,212070.61039504936,118876905.78,118876905.0,1.8983343914866229,2.5340501711669474,2.530374223917139,0.01162789085728405,208774.62,209627.5,4171.003143129971,77922.9,77696.0,1426.1833074786034,0.37335278887993484,0.37176682502411923,0.008949909369200395,18522789.04,18522789.0,1.6408061735889177,7402.78,7393.0,56.911420610615295,0.00039965795573294687,0.0003991299905516401,3.07252384946853e-06,765988.58,766099.5,1102.495056955915,143408.9,145152.5,4728.24569119738,-1480.187976564533,-1480.187976564532,0.0,18800712,18800712,0.0,0.5346878327159872,0.5547717151034983,0.06608608848323055,50,0.1808754430739839,0.1808754430739839,0.1808754430739839,0.00452053019674293,1.5968908166231906e-08,0.004588658499973316,0.019978497113921086,0.018302492688010888,0.02397172228457242,8.85831053868612e-08,0.007687844378816512,0.007687883614961999,0.0014393100442253526,0.03297037834609554,0.0,0.0,0.12359751698021869
conv_malloc,conv_malloc_double_full,double,full,1024,1,5,inputs/double/matrix_n1024_d1.bin,inputs/double/kernel_k5.bin,0.056800395340000004,0.0503072185,0.012470222396665079,0.056800395340000004,0.0503072185,0.012470222396665079,0.056800395340000004,0.0503072185,0.012470222396665079,85400026.58,85478522.0,217111.29147720968,216233769.46,216233768.0,3.387913689593478,2.5320267150222273,2.5296853872485556,0.006482650273216009,208320.26,210001.5,5540.817569563507,78783.68,78754.5,1985.3819499902108,0.3783508784946871,0.37533510914783186,0.011041071076269934,28857457.1,28857457.0,2.121320343579487,7461.46,7426.5,147.45503776834926,0.000258562630018327,0.0002573511632937578,5.109778714636199e-06,1161656.9,1161704.0,940.8653691453827,143977.14,145294.5,3961.00934369213,-1499.6569105099175,-1499.656910509916,0.0,52020000,52020000,0.0,0.9498354884238907,1.03404792221132,0.1598520986740392,50,0.2195446408782879,0.2195446408782879,0.2195446408782879,0.0025422859941832314,1.5667828841230977e-08,0.0025602614043347886,0.026597593386084997,0.025200421584650665,0.029182094462680032,7.35103005170711e-08,0.01976222317996066,0.019762247600413164,0.0008099339565282854,0.027511376762256352,0.0,0.0,0.16829451059918782
conv_malloc,conv_malloc_double_full,double,full,1024,1,7,inputs/double/matrix_n1024_d1.bin,inputs/double/kernel_k7.bin,0.09111126227999998,0.07804953,0.02357372707971606,0.09111126227999998,0.07804953,0.02357372707971606,0.09111126227999998,0.07804953,0.02357372707971606,145268638.78,145333153.5,234100.36337044646,388477680.54,388477678.5,6.034627970435926,2.6742087923209765,2.673014869839326,0.004317599710027227,210373.38,210657.5,4405.436580510266,81097.82,80023.5,3343.3054320293195,0.3855171565994982,0.3797096278868227,0.014189862857110089,46365137.56,46365137.0,2.7117281176796677,7455.18,7449.0,75.39032850872223,0.000160792793748312,0.00016065951106708655,1.6260150059949589e-06,2226573.12,2226103.5,3081.3770486454255,146986.82,146972.5,3481.1209236833597,-1439.5660830792683,-1439.566083079268,0.0,101559752,101559752,0.0,1.1752523564747728,1.3012486469354845,0.24124526283814582,50,0.25873559963717874,0.25873559963717874,0.25873559963717874,0.001611499669415753,1.5534040365066904e-08,0.0016145335107809339,0.020941036268515845,0.04122558944283976,0.03680734466469283,5.848635980364527e-08,0.010112475957484894,0.010112486810448424,0.0013839101087528738,0.023683218153051813,0.0,0.0,0.20527103094842783
conv_malloc,conv_malloc_double_full,double,full,1024,2,3,inputs/double/matrix_n1024_d2.bin,inputs/double/kernel_k3.bin,0.035125546880000004,0.03329005,0.005016699101984985,0.035125546880000004,0.03329005,0.005016699101984985,0.035125546880000004,0.03329005,0.005016699101984985,46923109.52,46971805.0,165278.42757369863,118877443.78,118877443.5,1.5686989242656093,2.533483109773355,2.5308255346998783,0.009024197625931237,208323.54,209226.5,4352.386463417371,77738.74,77653.5,1547.512933050699,0.37324813466757817,0.3719151401014653,0.007817672574639637,18522906.08,18522905.5,1.8826815433800814,7419.46,7402.0,56.81592547653427,0.00040055593703074084,0.0003996133543743102,3.06734341963646e-06,766002.98,765894.0,1152.4448101354728,144242.52,145481.5,4469.978857823352,1044543.7289179867,1044543.728917988,0.0,18800712,18800712,0.0,0.5432279606548244,0.5647547444828418,0.05767425134730137,50,0.14282195005030437,0.14282195005030437,0.14282195005030437,0.0035223246980947017,1.3195934185535776e-08,0.0035619726814514036,0.020892437136088272,0.019906586253529437,0.02094497426384248,1.0164072177707018e-07,0.007657690111751296,0.007657715530006126,0.0015044912881872507,0.030989328651658002,0.0,0.0,0.10616951910534757
conv_malloc,conv_malloc_double_full,double,full,1024,2,5,inputs/double/matrix_n1024_d2.bin,inputs/double/kernel_k5.bin,0.053440376780000014,0.049590995,0.009062541377757964,0.053440376780000014,0.049590995,0.009062541377757964,0.053440376780000014,0.049590995,0.009062541377757964,85465558.48,85489689.0,95173.65277630663,216234324.42,216234323.5,2.564196175505482,2.530078686753917,2.529361453180294,0.0028255801770739487,210743.64,211220.0,4533.410752560217,79034.24,78838.5,1647.8565862900825,0.3750751035711537,0.37374522622630724,0.005784833458290709,28857575.14,28857574.0,2.5315156379974493,7437.12,7427.5,76.28428035035418,0.00025771811954327826,0.000257384714856212,2.6434738600844244e-06,1161645.5,1161730.5,1232.4807942370217,144727.78,145717.0,4837.827026503464,1040477.7598958333,1040477.7598958338,0.0,52020000,52020000,0.0,0.9942452591508784,1.0489807834484863,0.12638530407874524,50,0.16958228822124638,0.16958228822124638,0.16958228822124638,0.001113590719688311,1.1858414164279248e-08,0.001116795375522158,0.02151149497351482,0.0208499074108903,0.015423133668996763,8.772447531422937e-08,0.010257234030156052,0.01025722935107987,0.001060978408849362,0.03342707962841318,0.0,0.0,0.12711682848423425
conv_malloc,conv_malloc_double_full,double,full,1024,2,7,inputs/double/matrix_n1024_d2.bin,inputs/double/kernel_k7.bin,0.09090840224000005,0.0782012485,0.02352746153142268,0.09090840224000005,0.0782012485,0.02352746153142268,0.09090840224000005,0.0782012485,0.02352746153142268,145262004.48,145343698.5,222129.1922125228,388478205.56,388478202.5,6.395661809374745,2.6743338660798646,2.672824546741361,0.004099820789487703,211144.1,212401.5,5491.978611705306,81039.24,79774.0,3619.2218329246393,0.3838265994609049,0.37899179747791256,0.014220857173182814,46365254.22,46365254.0,2.7426339200811896,7497.96,7469.0,125.27357165460744,0.0001617150628565316,0.00016109046142855234,2.7018854842111096e-06,2226957.38,2226289.5,3260.168944476732,146372.44,146813.5,4366.257240732037,1036433.2800054626,1036433.280005463,0.0,101559752,101559752,0.0,1.1789298733272198,1.2987061946517808,0.24492229255420203,50,0.25880403737940194,0.25880403737940194,0.25880403737940194,0.001529162378060851,1.646337353766154e-08,0.001533025042792196,0.026010571035161797,0.04466011567883212,0.03705021276054448,5.9152785123695796e-08,0.016707687378247876,0.016707692137547726,0.0014639565955576269,0.02982977697667701,0.0,0.0,0.2077496703539908
conv_malloc,conv_malloc_double_full,double,full,2048,0,3,inputs/double/matrix_n2048_d0.bin,inputs/double/kernel_k3.bin,0.15506110361999995,0.1454949205,0.026416619445705728,0.15506110361999995,0.1454949205,0.026416619445705728,0.15506110361999995,0.1454949205,0.026416619445705728,190906243.92,191274811.5,1339611.6341102517,474074234.8,474074233.0,5.609758261914907,2.483403683443377,2.478497981992688,0.01754636245416403,835006.76,838429.0,16931.28769234097,372493.38,373746.5,5205.024012922705,0.446165846393172,0.44598289041447936,0.00443203897167129,73723242.98,73723243.0,2.729207111014996,11270.14,11263.0,67.48605600494076,0.0001528709202688766,0.00015277407360897127,9.153962569796398e-07,3384024.64,3382794.0,4507.308838963256,663299.98,668502.5,12725.100077373998,2092776.2913421288,2092776.29134213,0.0,75350088,75350088,0.0,0.4982017619328933,0.5178897643863338,0.07443264666786878,50,0.17036264304195553,0.17036264304195553,0.17036264304195553,0.007017117966406699,1.1833079821942913e-08,0.007065449153975251,0.02027682709100579,0.013973467160470623,0.009933613268474323,3.701962909791405e-08,0.005988040610404198,0.00598803392672457,0.0013319373581639332,0.01918453258113169,0.0,0.0,0.1494026162795761
conv_malloc,conv_malloc_double_full,double,full,2048,0,5,inputs/double/matrix_n2048_d0.bin,inputs/double/kernel_k5.bin,0.24978984636,0.255632866,0.035682899651983985,0.24978984636,0.255632866,0.035682899651983985,0.24978984636,0.255632866,0.035682899651983985,345025649.26,344666402.5,1326747.1437358642,865917458.46,865917458.0,8.95159315427925,2.5097554345362485,2.5123349829910864,0.009644547235139871,830864.78,827881.5,9090.140795681124,357002.78,356592.0,3296.643458651452,0.429693370567328,0.4297666409364712,0.0029778248701124886,115363686.56,115363686.0,2.5567836938849537,11343.52,11291.5,159.5052606131389,9.832834177337785e-05,9.787741833486452e-05,1.3826299061553037e-06,4530156.5,4529512.5,5396.061508741675,661741.66,662527.5,3465.990158670383,2088689.1449682668,2088689.144968265,0.0,208896800,208896800,0.0,0.8534555605100483,0.8171750498274468,0.12427651944703443,50,0.14285168181158725,0.14285168181158725,0.14285168181158725,0.003845358009126073,1.0337697972043784e-08,0.0038428235287084798,0.010940577834676207,0.009234223494426154,0.006930115924713569,2.216281197424447e-08,0.014061354906866552,0.014061356890792673,0.0011911424050673912,0.005237678641345299,0.0,0.0,0.1456156889677576
conv_malloc,conv_malloc_double_full,double,full,2048,0,7,inputs/double/matrix_n2048_d0.bin,inputs/double/kernel_k7.bin,0.33062455381999994,0.3273884565,0.03460894681513705,0.33062455381999994,0.3273884565,0.03460894681513705,0.33062455381999994,0.3273884565,0.03460894681513705,584250727.2,584620081.0,1031769.6666415285,1560618216.18,1560618216.0,8.424187704290071,2.6711528407498206,2.6694570983147434,0.004720932417447777,826102.22,828273.5,8678.80685228007,331764.98,332110.5,2793.213937676929,0.4016176142104973,0.4015373535108795,0.0023985247803222504,186029242.76,186029242.0,2.209072199738036,11270.82,11258.5,95.50589040494215,6.058628112926945e-05,6.0520055066081045e-05,5.133918947319814e-07,8773945.3,8771709.5,10506.074468844188,648668.64,648852.5,1647.628447317001,2084618.7256200474,2084618.725620049,0.0,408636872,408636872,0.0,1.24851225165656,1.2481715682514962,0.12315274915712993,50,0.10467748512706955,0.10467748512706955,0.10467748512706955,0.001765970701630525,5.397981144235494e-09,0.0017673763722642548,0.010505729971625145,0.008419254912549629,0.005972160322293849,1.1874865300548492e-08,0.0084737304299902,0.00847373176175951,0.001197417365805117,0.0025400155730004167,0.0,0.0,0.09863960004695789
conv_malloc,conv_malloc_double_full,double,full,2048,1,3,inputs/double/matrix_n2048_d1.bin,inputs/double/kernel_k3.bin,0.15150360531999998,0.1419829365,0.025099209052574508,0.15150360531999998,0.1419829365,0.025099209052574508,0.15150360531999998,0.1419829365,0.025099209052574508,190760251.04,191264828.0,1332943.2868927817,474073684.82,474073683.0,6.567358990862217,2.485300926780036,2.478624467811166,0.01756477880757738,836561.2,836876.0,15772.82811078106,373053.68,374060.5,5436.960346910534,0.44598401041411334,0.44574657678067064,0.0036978913647315132,73723125.48,73723124.0,3.2654030576295296,11271.34,11265.0,111.5997970153961,0.00015288744101669987,0.00015280144251826573,1.5137669121273318e-06,3386635.54,3385327.0,4705.444966748866,664406.22,668666.5,10835.639066110534,-2267.8953463822986,-2267.895346382299,0.0,75350088,75350088,0.0,0.5087132705145664,0.5306982830234531,0.07079598479658156,50,0.1656674044129903,0.1656674044129903,0.1656674044129903,0.006987531624779004,1.3853034245838309e-08,0.007067465600769065,0.018854362491089786,0.01457420376314351,0.008291533504301821,4.429279193426743e-08,0.009901200479747404,0.009901185486922913,0.0013894158114069947,0.01630875620958295,0.0,0.0,0.13916677409451303
conv_malloc,conv_malloc_double_full,double,full,2048,1,5,inputs/double/matrix_n2048_d1.bin,inputs/double/kernel_k5.bin,0.24713820628,0.2535145125,0.03864346688977446,0.24713820628,0.2535145125,0.03864346688977446,0.24713820628,0.2535145125,0.03864346688977446,344514590.88,344098771.5,1524065.8475219538,865916920.42,865916918.0,10.150077905160096,2.513488726894465,2.5164777812364174,0.011127733326335713,831770.5,828478.0,12371.978762510063,357350.76,357103.0,3818.4320938718047,0.42966155034808756,0.42950643467004657,0.0032488726632226195,115363575.74,115363575.0,2.3018182689625313,11332.44,11293.5,160.29146411892214,9.823239205321509e-05,9.789484858048528e-05,1.389446526265586e-06,4531207.42,4529056.0,5309.944064004589,662555.64,662493.0,1775.530398017926,-2180.464117673079,-2180.464117673077,0.0,208896800,208896800,0.0,0.8650989662319682,0.8240137763760289,0.1312788336082263,50,0.15636379122211722,0.15636379122211722,0.15636379122211722,0.004423806386919649,1.1721768758412705e-08,0.004427206379431253,0.014874269720445801,0.010685389598364936,0.00756146939513337,1.995272991667874e-08,0.014144479398869276,0.014144484291015594,0.001171860736404909,0.0026798208193019473,0.0,0.0,0.1517500756936809
conv_malloc,conv_malloc_double_full,double,full,2048,1,7,inputs/double/matrix_n2048_d1.bin,inputs/double/kernel_k7.bin,0.32183004592,0.31526135749999995,0.027286058425559954,0.32183004592,0.31526135749999995,0.027286058425559954,0.32183004592,0.31526135749999995,0.027286058425559954,584298491.04,584588655.5,821144.6057659204,1560617674.92,1560617674.0,6.95419413168958,2.6709305695371075,2.6695996622358837,0.0037609720526534194,829177.42,830668.0,8851.7530607542,332197.2,332703.5,2535.0956347938773,0.4006539259937364,0.4009964471206998,0.0025949616500052335,186029124.76,186029124.0,2.6229754078646965,11268.46,11242.5,161.77008249932015,6.0573633368310236e-05,6.043408590393735e-05,8.695950731851334e-07,8773711.54,8773079.5,7883.735619279226,648559.76,648637.5,1357.216893619649,-2128.900886366745,-2128.900886366747,0.0,408636872,408636872,0.0,1.2781514264603695,1.296184537369945,0.1017565213417448,50,0.0847840615613083,0.0847840615613083,0.0847840615613083,0.0014053512346135879,4.456052397359952e-09,0.001408112998349195,0.010675342631440926,0.007631297418502857,0.006476815729607506,1.409981050681527e-08,0.014356006277638663,0.014355999877003773,0.000898563348400126,0.0020926628158670357,0.0,0.0,0.07961225816845723
conv_malloc,conv_malloc_double_full,double,full,2048,2,3,inputs/double/matrix_n2048_d2.bin,inputs/double/kernel_k3.bin,0.15993967176,0.1498261025,0.026002980705665153,0.15993967176,0.1498261025,0.026002980705665153,0.15993967176,0.1498261025,0.026002980705665153,190399994.1,190882554.5,1283850.2363160544,474074200.0,474074199.0,6.054177157191069,2.489996923494931,2.4835911785117384,0.016849736991719513,836424.86,839502.5,15995.594626952627,373058.3,374134.5,4785.50148887241,0.44607783281637275,0.4460245932560821,0.004062231599654364,73723237.06,73723236.5,2.881397055560159,11258.04,11247.0,107.762581063888,0.00015270680519145294,0.0001525570539915789,1.4617177119523533e-06,3385473.74,3383640.0,5035.844337976235,662451.8,668379.0,14238.267797648376,4186610.579009921,4186610.579009921,0.0,75350088,75350088,0.0,0.482982645744951,0.502993064395165,0.07494527847553989,50,0.16257993041704083,0.16257993041704083,0.16257993041704083,0.006742911113966544,1.2770526548778796e-08,0.006766971008168724,0.019123767587386903,0.012827757722780622,0.009106553387795388,3.908397366240335e-08,0.009572055265737909,0.00957205351863498,0.0014874858660035668,0.02149328871571996,0.0,0.0,0.15517178336696658
conv_malloc,conv_malloc_double_full,double,full,2048,2,5,inputs/double/matrix_n2048_d2.bin,inputs/double/kernel_k5.bin,0.24431528415999998,0.246589625,0.03875843776824056,0.24431528415999998,0.246589625,0.03875843776824056,0.24431528415999998,0.246589625,0.03875843776824056,344721403.66,344862638.5,1509317.611794537,865917459.44,865917458.5,8.841368443399222,2.511981366459316,2.510906499722924,0.01100873257334914,832568.98,831455.5,10824.156460492617,357461.24,357197.0,3765.2864138016307,0.4293697139890037,0.42934066719729413,0.0029792695899767347,115363686.02,115363686.0,2.4783964544726946,11295.52,11281.5,127.54962859648785,9.791226676242613e-05,9.779073679482984e-05,1.105630898020228e-06,4530318.8,4528821.0,5263.941310695706,662475.18,662988.5,2420.468192945568,4178419.6620898154,4178419.66208981,0.0,208896800,208896800,0.0,0.8753384873574038,0.8471452569692208,0.13246267972681536,50,0.15864106865642508,0.15864106865642508,0.15864106865642508,0.0043783693027752415,1.0210405561191766e-08,0.004382489743093179,0.013000912501559471,0.010533411717034358,0.006938704554399556,2.1483332753801124e-08,0.01129205460186763,0.01129205700755479,0.0011619361778018153,0.0036536737767980496,0.0,0.0,0.15132737979648594
conv_malloc,conv_malloc_double_full,double,full,2048,2,7,inputs/double/matrix_n2048_d2.bin,inputs/double/kernel_k7.bin,0.33044274194,0.334347885,0.033633017930626875,0.33044274194,0.334347885,0.033633017930626875,0.33044274194,0.334347885,0.033633017930626875,583965574.02,584434097.0,1044659.9018161595,1560618234.56,1560618233.5,8.199452425067573,2.672457425515753,2.6703066334003136,0.004786225137805305,824510.12,827751.5,10363.509402136091,331490.0,332186.5,2900.9458063584366,0.40206944058876465,0.40220417482236503,0.0026464881222801467,186029241.88,186029242.0,2.662207152078957,11253.74,11251.5,97.13357308576747,6.049446789409615e-05,6.048242657334556e-05,5.221415979062954e-07,8772297.56,8772546.5,5609.603107791059,648239.32,648394.0,1746.508335192811,4170219.37258139,4170219.3725813874,0.0,408636872,408636872,0.0,1.2486592756206372,1.222213529950104,0.12119937085795487,50,0.1017816815499424,0.1017816815499424,0.1017816815499424,0.0017889066552755066,5.253977073630261e-09,0.0017909453269893045,0.012569293148440786,0.008751231730545225,0.006582166797866556,1.4310691830890973e-08,0.008631225982275,0.008631228872371863,0.0006394679466152376,0.0026942338752188174,0.0,0.0,0.09706360511975022
conv_malloc,conv_malloc_double_skip_kernel,double,skip_kernel,512,0,3,inputs/double/matrix_n512_d0.bin,inputs/double/kernel_k3.bin,0.00821969268,0.007790288500000001,0.0012839784998728647,0.00821969268,0.007790288500000001,0.0012839784998728647,0.00821969268,0.007790288500000001,0.0012839784998728647,8889967.48,8888239.0,23237.201747865365,19505873.22,19505873.0,0.7637180806644205,2.194159079481238,2.194571226998212,0.005693028569152811,68866.92,68776.5,1881.2522516360505,4523.52,4236.5,1421.602677635782,0.06611646576227347,0.06158602581168464,0.023776629586215518,3329008.16,3329008.0,0.6180945043697451,5601.44,5573.0,116.85455114136101,0.0016826152789379675,0.0016740722761855783,3.5101811100938084e-05,183249.54,183247.5,415.1973816322631,5479.62,5085.5,1628.0805136035226,129879.05861653486,129879.05861653495,0.0,2080800,2080800,0.0,0.2585055660530573,0.2671111760879614,0.035289276738120164,50,0.15620760408683124,0.15620760408683124,0.15620760408683124,0.0026138680259677805,3.9153237184037257e-08,0.0025946289047095008,0.02731721197399347,0.31426912617514274,0.3596173708332522,1.856692668394496e-07,0.0208615197415952,0.020861459859733138,0.00226574856140028,0.29711558713989705,0.0,0.0,0.13651263791696142
conv_malloc,conv_malloc_double_skip_kernel,double,skip_kernel,512,0,5,inputs/double/matrix_n512_d0.bin,inputs/double/kernel_k5.bin,0.010635838759999999,0.0096627885,0.0023626398347582887,0.010635838759999999,0.0096627885,0.0023626398347582887,0.010635838759999999,0.0096627885,0.0023626398347582887,12632304.44,12502521.0,228673.0329572861,32531128.72,32531129.0,0.8339725443126056,2.5760446772869487,2.601966345899989,0.04575119145951989,68983.64,68715.0,2189.813893499461,4897.76,4664.5,1101.5831012590886,0.07103936041661756,0.06873494120320021,0.01624932327652946,5371217.94,5371218.0,0.9127218768551623,5605.46,5605.5,45.67775772759007,0.0010436106043800887,0.001043618039707195,8.504185526286838e-06,241193.26,241247.0,477.1606416702638,5693.4,5782.5,1439.4254239176162,128850.25848674656,128850.25848674649,0.0,4645152,4645152,0.0,0.45437258271167397,0.4807348507467963,0.08230844795083589,50,0.22213949346842948,0.22213949346842948,0.22213949346842948,0.018102242076528528,2.563613920349105e-08,0.01776024766298089,0.03174395977799172,0.22491569641205134,0.22873690277099412,1.6992828945890104e-07,0.008148797373915802,0.008148810955536791,0.0019783332323227596,0.25282351914806905,0.0,0.0,0.18114747914502893
conv_malloc,conv_malloc_double_skip_kernel,double,skip_kernel,512,0,7,inputs/double/matrix_n512_d0.bin,inputs/double/kernel_k7.bin,0.01091542726,0.0100968455,0.0016988061406193208,0.01091542726,0.0100968455,0.0016988061406193208,0.01091542726,0.0100968455,0.0016988061406193208,15606127.78,15581089.5,102236.90694821718,46374933.92,46374934.0,0.6337449427559069,2.9717089737700038,2.97636012768962,0.019324086087493524,69199.82,69111.0,1742.7611881079697,4709.24,4528.5,1285.0432623544039,0.0682713877844467,0.06575868339196413,0.020708530235548066,6869125.18,6869125.0,0.8497298490913802,5653.22,5633.0,111.19376175425154,0.0008229898055189196,0.0008200461616256728,1.618743786256346e-05,274627.36,274630.5,405.6840914317648,5445.54,5280.0,864.6907955082754,127834.68744395419,127834.68744395424,0.0,8193152,8193152,0.0,0.7628577390813679,0.8114592675544481,0.08253676378950611,50,0.15563349928084452,0.15563349928084452,0.15563349928084452,0.006551074577207978,1.3665678615287327e-08,0.0065026845690674675,0.025184475741526054,0.27287699551401157,0.3033266337126634,1.2370277536438493e-07,0.019669102167304924,0.019669062428248184,0.0014772165869845044,0.15878880616215754,0.0,0.0,0.1081941750881321
conv_malloc,conv_malloc_double_skip_kernel,double,skip_kernel,512,1,3,inputs/double/matrix_n512_d1.bin,inputs/double/kernel_k3.bin,0.00815982592,0.007627195999999999,0.0013254204849089204,0.00815982592,0.007627195999999999,0.0013254204849089204,0.00815982592,0.007627195999999999,0.0013254204849089204,8920684.74,8898977.0,91082.28942494925,19505255.36,19505255.0,0.6928203227968194,2.1867355213502795,2.191853681608605,0.02154265161184942,68415.14,68063.5,1547.255674688943,5195.12,4903.5,1031.1046907396487,0.07594750229197675,0.07302869540634867,0.015092238310959977,3328885.3,3328885.0,0.9529760045497006,5605.14,5586.0,82.91796043840739,0.0016837888654554756,0.001678039343503906,2.4908680151979865e-05,183252.36,183286.0,404.26934646321797,6208.06,6171.0,1206.9377748023705,322.90870928700633,322.908709287006,0.0,2080800,2080800,0.0,0.2603554401711719,0.27284299666407696,0.034046031092395734,50,0.1624324462192596,0.1624324462192596,0.1624324462192596,0.010210235209472188,3.5519674570249737e-08,0.00985151217489124,0.02261569112756245,0.1984756253444865,0.19871935028144241,2.8627480933323256e-07,0.014793200604874702,0.014793232490726746,0.002206079891485261,0.1944146439954463,0.0,0.0,0.1307675041090442
conv_malloc,conv_malloc_double_skip_kernel,double,skip_kernel,512,1,5,inputs/double/matrix_n512_d1.bin,inputs/double/kernel_k5.bin,0.010046028720000003,0.009205812,0.0018588725370575299,0.010046028720000003,0.009205812,0.0018588725370575299,0.010046028720000003,0.009205812,0.0018588725370575299,12679505.48,12539242.0,244269.36914692848,32530537.64,32530538.0,0.6928203235895449,2.566520485186514,2.5943076631797353,0.04876699216034461,68569.96,68417.5,1563.2634880471132,5611.14,5519.0,906.8940493435234,0.08182363322593035,0.0808312912999683,0.012890539743307144,5371101.6,5371101.0,0.8806305716163747,5626.16,5625.0,44.04652456812718,0.0010474871667618879,0.0010472709237164838,8.200586172525388e-06,241052.66,241057.0,387.27544434926034,7043.0,7047.5,1228.2536466089423,320.21049641506585,320.210496415066,0.0,4645152,4645152,0.0,0.47426470253650166,0.5047446702005493,0.06692855159892384,50,0.185035558713546,0.185035558713546,0.185035558713546,0.01926489716276604,2.1297536833133783e-08,0.019001209007221548,0.02279808079291738,0.16162384993843024,0.1575405446457499,1.6395716134216763e-07,0.007828878767778944,0.007828817796284776,0.001606600998923888,0.17439353210406677,0.0,0.0,0.14112066793284644
conv_malloc,conv_malloc_double_skip_kernel,double,skip_kernel,512,1,7,inputs/double/matrix_n512_d1.bin,inputs/double/kernel_k7.bin,0.011098850040000005,0.011027579,0.001179729954090843,0.011098850040000005,0.011027579,0.001179729954090843,0.011098850040000005,0.011027579,0.001179729954090843,15603334.56,15580704.5,99153.68185619348,46374365.92,46374366.0,0.9222864222754739,2.972197693041119,2.9763974801064643,0.018823691493983347,68458.1,68354.5,1706.585566538745,5546.7,5428.5,999.9937805929044,0.08115424132862493,0.07858637416070018,0.015339763855467453,6869010.0,6869010.0,0.6998542122422499,5625.06,5611.0,85.33090690640398,0.0008189040340112508,0.0008168569815216118,1.2422577508979835e-05,274536.06,274508.5,408.058289653701,6720.0,6587.5,1204.1773718423474,292.8343316391457,292.834331639146,0.0,8193152,8193152,0.0,0.7452120410874642,0.7429878441027853,0.06827196958557434,50,0.10629298979976509,0.10629298979976509,0.10629298979976509,0.006354646916972437,1.9887849763088982e-08,0.006333256881954968,0.024928906390021707,0.1802862568000621,0.18901986642140872,1.0188574659845449e-07,0.015169777194626186,0.015169759816825085,0.0014863558894729568,0.1791930612860636,0.0,0.0,0.09161415251147476
conv_malloc,conv_malloc_double_skip_kernel,double,skip_kernel,512,2,3,inputs/double/matrix_n512_d2.bin,inputs/double/kernel_k3.bin,0.007906421759999999,0.0073676195,0.001140652124992605,0.007906421759999999,0.0073676195,0.001140652124992605,0.007906421759999999,0.0073676195,0.001140652124992605,8921242.94,8921092.5,20746.256476093444,19505861.94,19505862.0,0.6197431992292446,2.186462744587209,2.1864880937185456,0.005084963881638286,66992.92,66793.5,1447.1641634307928,6323.86,6359.5,714.6749228188452,0.09446899136188507,0.09445163143072416,0.011235537968331828,3329007.22,3329007.0,0.6157789159617829,5612.82,5603.5,52.913363922856284,0.0016860341926590939,0.0016832346702785545,1.5894654938249505e-05,183208.78,183270.0,361.8474867585375,8220.66,8089.5,1800.9449516227621,260017.4135407978,260017.41354079798,0.0,2080800,2080800,0.0,0.2669368657329672,0.28242505016701314,0.02735509143644151,50,0.14426907134696104,0.14426907134696104,0.14426907134696104,0.002325489465495202,3.177215142481648e-08,0.0023256576835011646,0.02160174781799021,0.11301245170178423,0.11893360780461318,1.8497373999741066e-07,0.009427233355578175,0.009427243532458603,0.001975055380853131,0.21907546980689654,0.0,0.0,0.10247775765752203
conv_malloc,conv_malloc_double_skip_kernel,double,skip_kernel,512,2,5,inputs/double/matrix_n512_d2.bin,inputs/double/kernel_k5.bin,0.00971961256,0.0088464575,0.0015995598142762894,0.00971961256,0.0088464575,0.0015995598142762894,0.00971961256,0.0088464575,0.0015995598142762894,12629776.1,12491702.5,235925.31652616186,32531167.56,32531167.0,0.7329003048746897,2.5766126608801527,2.604222144704618,0.04703416766727133,68508.24,68143.0,1872.7545418120158,5162.14,5103.0,1073.0157769348132,0.0754705986347107,0.07482032781676679,0.016253938418974625,5371224.58,5371224.0,0.702473763050731,5605.84,5600.0,49.67952807952274,0.0010436800615800628,0.0010425928016972756,9.249208671535555e-06,241075.14,241113.0,362.26070271931286,6328.04,6086.0,1529.0570651782189,257983.77677321678,257983.77677321708,0.0,4645152,4645152,0.0,0.4879077833135139,0.5250861415358314,0.06263221547563176,50,0.16457032668761945,0.16457032668761945,0.16457032668761945,0.018680087014857044,2.2529173092940467e-08,0.01825426397276368,0.027336194037564175,0.20786258740266889,0.21536782154923914,1.3078465675526287e-07,0.008862102393133365,0.00886211111241587,0.0015026879284164797,0.24163201641870452,0.0,0.0,0.128368961549003
conv_malloc,conv_malloc_double_skip_kernel,double,skip_kernel,512,2,7,inputs/double/matrix_n512_d2.bin,inputs/double/kernel_k7.bin,0.011119730319999997,0.010919663,0.0013907008017731443,0.011119730319999997,0.010919663,0.0013907008017731443,0.011119730319999997,0.010919663,0.0013907008017731443,15627771.72,15615957.5,88597.20375949661,46374948.76,46374949.0,0.5910903108995443,2.9675636995066554,2.9697161212666403,0.016807514312114524,68355.12,68292.0,1682.2070250424117,6332.68,6096.5,1039.4700855606716,0.092729491539003,0.08998985833454173,0.015653643104388375,6869130.84,6869131.0,0.7102744510452588,5637.38,5631.5,57.98588498197502,0.0008206831594320203,0.0008198270771256052,8.441521589655235e-06,274408.34,274460.5,408.8813315196784,7712.9,7611.5,1170.6418656237352,255964.83453831464,255964.83453831484,0.0,8193152,8193152,0.0,0.7458002218842453,0.750314725978255,0.07448442571532714,50,0.12506605481895758,0.12506605481895758,0.12506605481895758,0.005669215378038335,1.2745896797828491e-08,0.005663741713415857,0.02460981745101774,0.16414378834248242,0.16880975884359603,1.0340092037688698e-07,0.010285963511768768,0.010285969064477278,0.00149004702816131,0.15177713514031496,0.0,0.0,0.09987182026728837
conv_malloc,conv_malloc_double_skip_kernel,double,skip_kernel,1024,0,3,inputs/double/matrix_n1024_d0.bin,inputs/double/kernel_k3.bin,0.0319030036,0.02912277,0.006705950114773406,0.0319030036,0.02912277,0.006705950114773406,0.0319030036,0.02912277,0.006705950114773406,36097530.92,36195666.5,281233.92687668937,76836873.18,76836872.0,1.8918730616643242,2.128719909091278,2.1228196615908717,0.016906582200970452,207352.94,209422.5,4782.842713794588,77682.16,77627.5,1644.3751788991428,0.3748399548533803,0.3715049753646492,0.012192830314282645,13041388.44,13041388.0,1.2961481398321102,7413.54,7412.5,60.978152661759204,0.0005684624788263787,0.0005683827736843569,4.675740312580136e-06,758884.68,758606.0,1147.7217262108225,143827.3,144883.0,4126.303941093734,521989.65856087237,521989.658560873,0.0,8355872,8355872,0.0,0.2705046670159678,0.2869189214564696,0.04211717389272315,50,0.210198080370508,0.210198080370508,0.210198080370508,0.007790946353088943,2.4621942348335472e-08,0.007942135613410806,0.023066191942079955,0.021167989907839108,0.03252809674212,9.938728117756381e-08,0.008225240932369584,0.0082252399881052,0.0015123796229630335,0.028689295711549434,0.0,0.0,0.15569851107314533
conv_malloc,conv_malloc_double_skip_kernel,double,skip_kernel,1024,0,5,inputs/double/matrix_n1024_d0.bin,inputs/double/kernel_k5.bin,0.03891246234,0.0355603715,0.006467285446919495,0.03891246234,0.0355603715,0.006467285446919495,0.03891246234,0.0355603715,0.006467285446919495,52214771.24,52219591.5,545136.2383435626,129624115.92,129624115.0,2.3976178615401205,2.4827836945386776,2.4822889565550534,0.025958344169883994,208274.24,210021.0,4847.354046007672,78034.42,78167.0,1284.5665526407217,0.37477182448219887,0.37326754925670946,0.006233707393912937,21319780.9,21319780.0,2.3145502497781405,7432.96,7417.5,97.47986919338358,0.0003486414815034583,0.0003479163399426825,4.572267533585505e-06,890230.74,890155.0,1205.6864724280256,145330.14,146712.5,4822.85903863368,519957.684691417,519957.68469141674,0.0,18727200,18727200,0.0,0.49197033988821387,0.5266312712779393,0.06619473062727259,50,0.16620087905029488,0.16620087905029488,0.16620087905029488,0.010440268632757158,1.8496695962191605e-08,0.010455338589094155,0.023273901016312302,0.01646153777577538,0.016633340573362736,1.0856351013335885e-07,0.013114542415589963,0.013114525310838981,0.0013543527742347176,0.03318553906735162,0.0,0.0,0.13455024675331737
conv_malloc,conv_malloc_double_skip_kernel,double,skip_kernel,1024,0,7,inputs/double/matrix_n1024_d0.bin,inputs/double/kernel_k7.bin,0.04550626946,0.040516590500000005,0.010819555808059482,0.04550626946,0.040516590500000005,0.010819555808059482,0.04550626946,0.040516590500000005,0.010819555808059482,63591184.94,63605430.5,359742.31374321703,186142113.34,186142113.0,2.654299556647464,2.9272604833801057,2.9265128952123747,0.016592731785897746,209795.28,211741.0,4299.442626619393,79021.8,78959.0,1570.2621385212938,0.3768164698101467,0.37257793704777653,0.010914396546211317,27460500.74,27460500.5,1.425854559824179,7444.68,7437.0,56.70742671730021,0.0002711050344826767,0.00027082535748478975,2.065054515512158e-06,1057789.16,1057573.0,1447.9372852581785,145767.64,146678.5,3052.1667630369966,517922.0262628338,517922.0262628335,0.0,33162368,33162368,0.0,0.7586014862537429,0.8185070887432138,0.1293709448357271,50,0.23775967435805453,0.23775967435805453,0.23775967435805453,0.005657109772095671,1.4259532724866096e-08,0.005668348232111591,0.020493514566292403,0.01987125247110663,0.028964754517525126,5.1923836834745903e-08,0.0076171745081454415,0.007617175090284472,0.0013688335445394227,0.020938575688246006,0.0,0.0,0.17053874422868465
conv_malloc,conv_malloc_double_skip_kernel,double,skip_kernel,1024,1,3,inputs/double/matrix_n1024_d1.bin,inputs/double/kernel_k3.bin,0.0327700656,0.0292846025,0.007157773837945542,0.0327700656,0.0292846025,0.007157773837945542,0.0327700656,0.0292846025,0.007157773837945542,36066336.78,36189193.5,288405.5191822577,76836485.96,76836485.0,1.701859728007243,2.1305570019512263,2.123188718108114,0.017338441649963652,207669.56,209646.0,5555.869671118013,77899.08,77648.0,1743.5581007274302,0.3753587941984589,0.3709835113108476,0.012871822112104536,13041305.54,13041305.0,1.5146899733655037,7429.38,7392.5,127.43976408243914,0.0005696806946348864,0.0005668528021885526,9.772004439930915e-06,758771.26,758617.0,1070.421427784972,145559.92,145903.5,3334.7424025595387,-1468.031446041211,-1468.031446041211,0.0,8355872,8355872,0.0,0.2642664445434256,0.2853333078791097,0.043940254956112555,50,0.21842415347333152,0.21842415347333152,0.21842415347333152,0.007996529310461834,2.2149109329299722e-08,0.008137985340962293,0.0267534137940968,0.02238226819530385,0.03429204886378384,1.161455782720281e-07,0.017153485766300706,0.01715347655618536,0.001410730063477855,0.022909757044106225,0.0,0.0,0.1662725475117673
conv_malloc,conv_malloc_double_skip_kernel,double,skip_kernel,1024,1,5,inputs/double/matrix_n1024_d1.bin,inputs/double/kernel_k5.bin,0.03966714321999999,0.0357708415,0.008612961592563544,0.03966714321999999,0.0357708415,0.008612961592563544,0.03966714321999999,0.0357708415,0.008612961592563544,52065279.14,52012730.0,637362.980782217,129623692.06,129623692.0,2.2804403475831507,2.490000333591977,2.4921532884342845,0.03021645415570733,207822.96,209635.5,4989.851369754902,78458.34,78343.0,1856.0820333955812,0.3776948755429948,0.37471761983885843,0.011559349064382976,21319689.74,21319689.0,2.2660763539246935,7398.26,7395.0,60.66764931550733,0.0003470153689447374,0.0003468624381050483,2.8456212838427395e-06,889624.22,889564.5,858.8288012147304,144735.64,146345.5,4623.224282436908,-1449.3889912174338,-1449.388991217433,0.0,18727200,18727200,0.0,0.4881638189478996,0.5235334260916064,0.0764304293557334,50,0.21713087692740443,0.21713087692740443,0.21713087692740443,0.012241612669902167,1.7592774216981755e-08,0.01213512052511184,0.024010106341257494,0.023656911851507197,0.03060499311187271,1.0629030635812122e-07,0.008200259157627244,0.008200274508002866,0.0009653837900397209,0.031942542157805134,0.0,0.0,0.15656717353706748
conv_malloc,conv_malloc_double_skip_kernel,double,skip_kernel,1024,1,7,inputs/double/matrix_n1024_d1.bin,inputs/double/kernel_k7.bin,0.04340563719999999,0.0404988575,0.007734752202654904,0.04340563719999999,0.0404988575,0.007734752202654904,0.04340563719999999,0.0404988575,0.007734752202654904,63576761.66,63568996.0,215956.02996175294,186141756.78,186141756.0,2.4183819851461767,2.9278602457768033,2.9281846216966896,0.009999747040103283,210218.8,210980.5,4124.073550879183,78726.3,78697.5,1435.616076953779,0.374610895747609,0.37225384321617916,0.00910372762061249,27460423.82,27460423.0,2.3007540905143737,7480.1,7459.0,117.43730415912685,0.00027239565012822815,0.0002716272352278566,4.276600238520663e-06,1058212.38,1058183.5,917.7823958447132,144160.12,145255.5,4464.77233297579,-1420.6395511638457,-1420.639551163845,0.0,33162368,33162368,0.0,0.7813083656322088,0.8188470021690464,0.09993561186743327,50,0.1781969509401628,0.1781969509401628,0.1781969509401628,0.0033967761855606435,1.2992151932918793e-08,0.0034153771699066216,0.019618005387145122,0.018235533448844654,0.024301822835249436,8.37843620184291e-08,0.01569996446025145,0.015699957897666452,0.0008672950847964123,0.030970925474921845,0.0,0.0,0.12790802743622062
conv_malloc,conv_malloc_double_skip_kernel,double,skip_kernel,1024,2,3,inputs/double/matrix_n1024_d2.bin,inputs/double/kernel_k3.bin,0.032984979719999995,0.0293941065,0.006874989841389729,0.032984979719999995,0.0293941065,0.006874989841389729,0.032984979719999995,0.0293941065,0.006874989841389729,36050982.12,36202497.5,312014.51682643226,76837024.0,76837023.0,1.873553861598003,2.131502357393907,2.122423283191482,0.01873755180275483,207458.32,209138.0,5094.261587315674,77942.12,77736.0,1511.7399036628406,0.3759504438081976,0.37210730515277946,0.012831573478462857,13041422.46,13041422.0,1.3733617328421441,7402.32,7397.0,58.07294498107977,0.000567600660334412,0.0005671927276338153,4.452960893315678e-06,758729.3,758642.5,1152.7665790238393,144591.56,145536.0,3831.933295614738,1044520.989206694,1044520.9892066931,0.0,8355872,8355872,0.0,0.2621436997682112,0.28427061298461814,0.04361464921498803,50,0.20842789353668065,0.20842789353668065,0.20842789353668065,0.008654813225000493,2.438347770468053e-08,0.008790772263402231,0.024555590671493308,0.019395673400503355,0.03413102362238271,1.0530766387289812e-07,0.007845235680311008,0.007845235575822158,0.001519338424157126,0.02650177711351021,0.0,0.0,0.16637687365194098
conv_malloc,conv_malloc_double_skip_kernel,double,skip_kernel,1024,2,5,inputs/double/matrix_n1024_d2.bin,inputs/double/kernel_k5.bin,0.03722778622,0.035043387999999995,0.0068073610438783745,0.03722778622,0.035043387999999995,0.0068073610438783745,0.03722778622,0.035043387999999995,0.0068073610438783745,52088582.1,52184470.5,632400.3472737899,129624243.3,129624243.0,1.832250762730015,2.488895978071145,2.483962902065883,0.030368545011268237,209941.42,210947.5,3949.989987535751,78702.68,78563.0,1339.8226876291194,0.3750026257035816,0.37232649491505343,0.00942167821686095,21319812.52,21319812.0,1.6932037017798094,7422.7,7400.5,115.03313630854174,0.0003481597220883664,0.0003471184129467546,5.395603995830893e-06,890229.68,890004.5,1368.4704919532953,145600.44,146409.0,4425.6872643277275,1040485.3895574306,1040485.3895574313,0.0,18727200,18727200,0.0,0.5136909051063772,0.5344015122098426,0.06014275385503553,50,0.1828569929903926,0.1828569929903926,0.1828569929903926,0.012140863156146266,1.4135093220868315e-08,0.01220161279492419,0.018814724543330948,0.017023850873046757,0.025124299327728587,7.941925850386462e-08,0.01549747885655378,0.015497496274027458,0.0015372105903650563,0.03039611188213255,0.0,0.0,0.11707965482196132
conv_malloc,conv_malloc_double_skip_kernel,double,skip_kernel,1024,2,7,inputs/double/matrix_n1024_d2.bin,inputs/double/kernel_k7.bin,0.041970339400000015,0.040568462,0.0044069089734901585,0.041970339400000015,0.040568462,0.0044069089734901585,0.041970339400000015,0.040568462,0.0044069089734901585,63696899.22,63666240.5,232201.15998122055,186142299.24,186142299.0,1.6482520111161476,2.922351324173,2.92372061828838,0.01062844944895339,210471.72,211052.0,3092.0429481928923,78328.88,78298.5,1189.832549357347,0.37217791226327157,0.37183243616726375,0.003998046643340917,27460540.06,27460540.0,1.8003401041134368,7469.48,7448.0,99.86812529020257,0.00027200776037790436,0.0002712255624583922,3.63678804041632e-06,1058420.24,1058463.5,1285.2262972341132,144814.46,145854.5,4114.869106505514,1036443.7743420767,1036443.7743420773,0.0,33162368,33162368,0.0,0.7967401506753623,0.817442233329337,0.06472093192955701,50,0.10500055602338439,0.10500055602338439,0.10500055602338439,0.0036454075916510613,8.85479559372476e-09,0.003636951300494696,0.014691013824531354,0.015190215273821698,0.010742299614257536,6.55609867897637e-08,0.013370157666959759,0.01337016280478056,0.0012142873394353393,0.02841476677470961,0.0,0.0,0.08123217070797281
conv_malloc,conv_malloc_double_skip_kernel,double,skip_kernel,2048,0,3,inputs/double/matrix_n2048_d0.bin,inputs/double/kernel_k3.bin,0.14300643052,0.1515802095,0.028347125896571488,0.14300643052,0.1515802095,0.028347125896571488,0.14300643052,0.1515802095,0.028347125896571488,144351049.08,144358175.0,1607445.8970877486,305583110.72,305583112.5,6.758335751841968,2.117201676365793,2.116840185166742,0.023597661049711394,838187.16,841430.5,22196.69518273162,375375.4,375966.5,5733.518213282379,0.44798348135097155,0.44774503645679653,0.005842905283044639,51750234.0,51750233.5,3.1036515694930085,11232.52,11216.5,92.60498509964863,0.00021705254511672042,0.00021674297920135227,1.789460409585341e-06,2855097.32,2853796.5,4575.233467623854,675347.52,680790.0,10688.24035887007,2092786.0547141146,2092786.0547141165,0.0,33488928,33488928,0.0,0.24374039796944671,0.22103462792991,0.04948628831582233,50,0.19822273581331737,0.19822273581331737,0.19822273581331737,0.011135671734515035,2.2116195282907837e-08,0.011145684094779822,0.026481788605222274,0.015274091518203853,0.013042680202011799,5.997367218654525e-08,0.008244364140873876,0.008244365015959869,0.0016024789892709697,0.01582628208787984,0.0,0.0,0.20302866791095303
conv_malloc,conv_malloc_double_skip_kernel,double,skip_kernel,2048,0,5,inputs/double/matrix_n2048_d0.bin,inputs/double/kernel_k5.bin,0.17164658036000002,0.166029692,0.03036111909775874,0.17164658036000002,0.166029692,0.03036111909775874,0.17164658036000002,0.166029692,0.03036111909775874,212810452.4,213270974.5,1149931.1155082085,518110538.28,518110537.0,8.964874774702308,2.434680442926719,2.4293532943010057,0.013229144784525651,838305.6,837575.0,16889.14930132506,365149.52,366316.0,4396.155872893443,0.4356656619721532,0.4348970766591156,0.0050326953303285885,85083893.42,85083893.0,3.233056301676986,11215.3,11201.0,97.19079699440749,0.0001318146072944394,0.00013164653932594677,1.1422911909555737e-06,3382720.84,3381029.0,4961.47618898626,666818.16,671583.0,9556.445392786274,2088701.1391905507,2088701.1391905493,0.0,75202848,75202848,0.0,0.4510307312637621,0.45295157723992774,0.07530151201705197,50,0.17688158443984942,0.17688158443984942,0.17688158443984942,0.005403546219368915,1.730301569326016e-08,0.005433626750877808,0.02014676903187222,0.012039330827802931,0.011551737420724857,3.7998452723803265e-08,0.008665911477571488,0.008665892304363458,0.0014667116867338838,0.014331411419248501,0.0,0.0,0.16695428226378606
conv_malloc,conv_malloc_double_skip_kernel,double,skip_kernel,2048,0,7,inputs/double/matrix_n2048_d0.bin,inputs/double/kernel_k7.bin,0.18397982989999995,0.1793503535,0.029395107905346152,0.18397982989999995,0.1793503535,0.029395107905346152,0.18397982989999995,0.1793503535,0.029395107905346152,251205010.0,251318737.5,735017.2075340706,746484201.08,746484199.0,6.939505354574084,2.97163855448151,2.970268786926952,0.008734719588625739,840340.18,840189.5,12858.734067709836,338801.68,340066.5,3675.9904367977574,0.4032114999627617,0.4029643684068328,0.003653273220015057,109947403.32,109947403.0,2.629813370151446,11290.02,11274.5,110.02736023371672,0.00010268564475626838,0.00010254448665786131,1.0007264122815248e-06,3965888.24,3965356.0,3846.0400284458797,654227.86,657164.5,5972.547393512675,2084617.9630839985,2084617.9630840009,0.0,133432448,133432448,0.0,0.7417772406851952,0.7444588395323462,0.1070802080406658,50,0.15977353561704843,0.15977353561704843,0.15977353561704843,0.0029259655591027845,9.296252143761559e-09,0.0029393613753775543,0.015301819874553464,0.010849977003649326,0.009060439050851606,2.3918831102335543e-08,0.009745541658359924,0.009745533707820792,0.0009697802347667466,0.00912915477722498,0.0,0.0,0.1443562867226198
conv_malloc,conv_malloc_double_skip_kernel,double,skip_kernel,2048,1,3,inputs/double/matrix_n2048_d1.bin,inputs/double/kernel_k3.bin,0.14734927362000003,0.165890546,0.028692621419568427,0.14734927362000003,0.165890546,0.028692621419568427,0.14734927362000003,0.165890546,0.028692621419568427,143998591.8,143411748.0,1694630.9425738864,305582587.58,305582588.5,5.907760372239419,2.1224097222075087,2.130805847975755,0.024943595345958126,838608.18,842238.0,22437.53264809404,374979.0,375602.5,5743.2840210927025,0.44729324244087804,0.4460166488137818,0.006166822086276587,51750118.1,51750117.0,3.3518194873927536,11258.26,11231.5,149.46473340093385,0.00021755042140159036,0.0002170333173544584,2.888201206607082e-06,2855246.48,2853675.0,5105.384877214379,675536.0,680851.0,10796.882197360199,-2226.5117942597167,-2226.511794259718,0.0,33488928,33488928,0.0,0.23659179607264405,0.20200917918676253,0.04904970586954761,50,0.19472523151735385,0.19472523151735385,0.19472523151735385,0.01176838551954427,1.9332778150171263e-08,0.011752488261321385,0.026755680642292373,0.015316281768026217,0.013786977984787464,6.476931088187707e-08,0.013276006541058196,0.013276008329469357,0.0017880715073027179,0.0159826895936859,0.0,0.0,0.20731786428675322
conv_malloc,conv_malloc_double_skip_kernel,double,skip_kernel,2048,1,5,inputs/double/matrix_n2048_d1.bin,inputs/double/kernel_k5.bin,0.17571071603999996,0.181772535,0.029750623101048767,0.17571071603999996,0.181772535,0.029750623101048767,0.17571071603999996,0.181772535,0.029750623101048767,212244730.86,212542233.0,1140442.69349011,518109997.52,518109997.5,6.034729429095859,2.441166274588885,2.437680706465124,0.01313625968952853,838254.58,836589.0,12706.34016591076,364355.06,364311.5,3849.847653545561,0.43470416402130335,0.43364649289858614,0.004153842852290052,85083775.48,85083775.0,3.0320734484212215,11207.24,11163.0,146.75629666983608,0.00013172005984501747,0.00013120009863219816,1.724842814221558e-06,3382366.26,3381478.0,3899.788695531576,666134.74,671513.5,10684.852243322423,-2178.0922138583705,-2178.092213858371,0.0,75202848,75202848,0.0,0.44040128434006065,0.4140638964824557,0.07529881637514727,50,0.16931592888322267,0.16931592888322267,0.16931592888322267,0.005373243843883051,1.1647583443635264e-08,0.005381140902309409,0.015158092146553809,0.010566197855316078,0.009555562601158996,3.563632938613482e-08,0.013094775936790511,0.013094761847595707,0.001152976465514878,0.016040076581687397,0.0,0.0,0.1709777401943371
conv_malloc,conv_malloc_double_skip_kernel,double,skip_kernel,2048,1,7,inputs/double/matrix_n2048_d1.bin,inputs/double/kernel_k7.bin,0.19671624362000004,0.2018891445,0.03436089488839085,0.19671624362000004,0.2018891445,0.03436089488839085,0.19671624362000004,0.2018891445,0.03436089488839085,250664359.0,251153429.0,1075982.2360381347,746483683.1,746483682.0,7.8095964030570855,2.9780748084014506,2.97222175195223,0.012831057723274315,833476.22,835561.5,17684.842047831095,337158.84,338150.0,4650.803596834263,0.40459413970370656,0.40394221228625377,0.004097787602218488,109947291.88,109947291.0,3.4085127505052935,11286.8,11281.5,117.31242083271768,0.00010265646207818484,0.0001026082589212026,1.0669873460170293e-06,3967978.4,3966601.5,5403.165818031388,652694.14,656654.0,7562.196514429963,-2149.2241001333996,-2149.224100133397,0.0,133432448,133432448,0.0,0.6981911988325371,0.6609195572019634,0.11780024966324422,50,0.17467238218907,0.17467238218907,0.17467238218907,0.004292521842078612,1.0461844752755166e-08,0.004308507525424345,0.02121817230470126,0.013794102497310355,0.010128143737374423,3.100133429594113e-08,0.010393771559052849,0.01039376698180378,0.0013616923464178606,0.011586125952394735,0.0,0.0,0.16872204900351215
conv_malloc,conv_malloc_double_skip_kernel,double,skip_kernel,2048,2,3,inputs/double/matrix_n2048_d2.bin,inputs/double/kernel_k3.bin,0.13956171424000002,0.131882519,0.028546251197476537,0.13956171424000002,0.131882519,0.028546251197476537,0.13956171424000002,0.131882519,0.028546251197476537,144451255.3,144977661.0,1731314.3709489766,305583142.8,305583143.0,6.094494011923664,2.1157748147650746,2.1078058386507683,0.025453212406734576,838503.84,843846.5,25191.909150100935,375234.12,376593.5,6484.065799436995,0.4476851052024291,0.44599901185167945,0.006542278245515214,51750239.92,51750239.5,2.7093187641379295,11196.38,11196.0,51.339959374462296,0.00021635416604117905,0.0002163468331906755,9.92073309430262e-07,2855647.82,2853877.0,5063.255948860759,676831.04,681344.5,10882.311110256338,4186620.599801389,4186620.5998013853,0.0,33488928,33488928,0.0,0.24978507886171575,0.25463302012914435,0.049300543406194455,50,0.20454213645145128,0.20454213645145128,0.20454213645145128,0.011985457428897653,1.994381612834065e-08,0.012030208616298695,0.030043880478950385,0.01728005384861322,0.014613571390893164,5.235374306140858e-08,0.004585407013200901,0.004585413480050295,0.0017730673626486476,0.016078327480749607,0.0,0.0,0.19737185115644107
conv_malloc,conv_malloc_double_skip_kernel,double,skip_kernel,2048,2,5,inputs/double/matrix_n2048_d2.bin,inputs/double/kernel_k5.bin,0.17683614308000004,0.1856872215,0.028858141597772204,0.17683614308000004,0.1856872215,0.028858141597772204,0.17683614308000004,0.1856872215,0.028858141597772204,212256681.1,212543619.5,1113545.6341116852,518110574.1,518110574.0,7.137855405564682,2.4410283074789274,2.437667061118628,0.012822635162954482,838107.9,836800.5,14026.342901621869,364662.4,364333.0,3560.709434013019,0.4351631224572038,0.43515640661790467,0.0043506039829570384,85083898.64,85083898.0,2.9813022793572266,11196.94,11166.5,143.85500211203293,0.00013159881219966822,0.00013124105100190212,1.690741337003742e-06,3381690.18,3380863.0,4138.475597736624,668507.88,672638.5,8330.983139278265,4178438.7664160226,4178438.7664160267,0.0,75202848,75202848,0.0,0.4369409146953453,0.4050105959932087,0.07348847863940751,50,0.16319142170340645,0.16319142170340645,0.16319142170340645,0.00524622183076095,1.3776702816698376e-08,0.005252964549271281,0.016735724483234043,0.00976439971330474,0.009997639410230354,3.503955891785669e-08,0.012847706794180637,0.012847694509874951,0.0012237891046945712,0.012462056751340411,0.0,0.0,0.16818859522607754
conv_malloc,conv_malloc_double_skip_kernel,double,skip_kernel,2048,2,7,inputs/double/matrix_n2048_d2.bin,inputs/double/kernel_k7.bin,0.19192689872,0.1814890505,0.03423898975831255,0.19192689872,0.1814890505,0.03423898975831255,0.19192689872,0.1814890505,0.03423898975831255,250555513.74,251174736.0,1101869.900406885,746484249.48,746484248.0,7.73077602528802,2.9793734205107203,2.9719718356377767,0.013139616240367118,833124.2,834251.5,15967.071451418191,336701.44,337524.5,4199.324329324552,0.40420883135683916,0.40364396701670163,0.004354706501700909,109947408.44,109947408.0,2.61205994119491,11273.36,11277.0,81.33873741386444,0.00010253411299016093,0.00010256721547426584,7.397967230618681e-07,3967361.36,3966359.0,4551.420584514539,653699.96,657155.0,6844.809953862114,4170232.7880952954,4170232.7880952954,0.0,133432448,133432448,0.0,0.7155290611422784,0.7352189818235739,0.11762061049088456,50,0.1783959934050903,0.1783959934050903,0.1783959934050903,0.004397707653523398,1.0356248012832513e-08,0.0044101944891871735,0.01916529546425154,0.012471952390000329,0.010773407614779539,2.375735797920468e-08,0.007215128179519188,0.007215127741270442,0.0011472160389530382,0.010470874059502948,0.0,0.0,0.16438271606063593
conv_malloc,conv_malloc_float_full,float,full,512,0,3,inputs/float/matrix_n512_d0.bin,inputs/float/kernel_k3.bin,0.008736562420000002,0.008219025500000001,0.0016971772428864696,0.008736562420000002,0.008219025500000001,0.0016971772428864696,0.008736562420000002,0.008219025500000001,0.0016971772428864696,13102573.64,13103268.5,7316.331590994737,31955549.72,31955550.0,0.7010196645721245,2.438876541574656,2.4387464856371426,0.001361903244131093,41143.62,41104.0,363.67399002459433,388.04,371.0,72.15571596858267,0.009437197046530394,0.00903559670294678,0.0017880964800776032,5408007.68,5408008.0,0.6207303138157042,5590.96,5587.5,65.60082129899021,0.0010338298926263827,0.0010331901351410678,1.2130298465465592e-05,91398.72,91363.5,225.30614455782325,152.42,130.5,70.30780431032375,129877.3046875,129877.3046875,0.0,4681800,4681800,0.0,0.5515235441296773,0.569977269549655,0.08424658313129764,50,0.194261445325594,0.194261445325594,0.194261445325594,0.0005583888930537418,2.1937337042065583e-08,0.0005584141800190439,0.00883913447636825,0.18594917010767617,0.18947325898371495,1.1477985064838227e-07,0.011733373391866551,0.011733360151397148,0.0024650908082500854,0.4612767636158231,0.0,0.0,0.15275246909765489
conv_malloc,conv_malloc_float_full,float,full,512,0,5,inputs/float/matrix_n512_d0.bin,inputs/float/kernel_k5.bin,0.013211944439999996,0.012487206,0.0024463011355596634,0.013211944439999996,0.012487206,0.0024463011355596634,0.013211944439999996,0.012487206,0.0024463011355596634,23027225.24,23067656.5,84301.58350306861,70427468.96,70427469.0,0.9249379500916708,3.058483859286069,3.053083066928755,0.01122988778377002,41702.3,41775.5,539.1113341530166,373.14,350.0,127.89871790137823,0.008979244593535501,0.008330831161721883,0.003308670114078557,11044810.2,11044810.0,1.0497813183979858,5592.76,5584.0,56.073406698501124,0.0005063699508778662,0.0005055768503707321,5.076886132178177e-06,92086.88,92070.0,196.35324685632463,99.1,92.0,37.871021714686876,128847.265625,128847.265625,0.0,12903200,12903200,0.0,1.0015155105516553,1.0333302062089458,0.1393757184535307,50,0.1851582972263592,0.1851582972263592,0.1851582972263592,0.003660952747212917,1.3133198789480832e-08,0.00367171719728852,0.012927616322193658,0.3427633539727133,0.3684797846425293,9.504747473143413e-08,0.01002607061602878,0.010026041480890906,0.0021322608264752224,0.38214956321581106,0.0,0.0,0.13916481271144737
conv_malloc,conv_malloc_float_full,float,full,512,0,7,inputs/float/matrix_n512_d0.bin,inputs/float/kernel_k7.bin,0.018647423499999993,0.017319407000000002,0.0024372241153625377,0.018647423499999993,0.017319407000000002,0.0024372241153625377,0.018647423499999993,0.017319407000000002,0.0024372241153625377,36386882.5,36377926.0,26200.913214532666,119301420.32,119301420.0,1.3005493325498723,3.2786947573826546,3.2795003221243335,0.0023589402932853326,41981.74,42137.0,678.1895409613643,418.08,360.0,242.0541211196794,0.01004027580574644,0.008507540218183651,0.006234851555251792,16848577.32,16848577.0,1.0583005249346582,5612.78,5603.5,65.74263053291786,0.00033313079759401216,0.00033258001551110224,3.9019740874166096e-06,100387.64,100333.5,332.3557081421856,123.92,112.5,54.3671719676047,127832.6640625,127832.6640625,0.0,25091528,25091528,0.0,1.3635862887844619,1.448757071344175,0.1418779366682717,50,0.1307003144623459,0.1307003144623459,0.1307003144623459,0.0007200647984760075,1.0901373420881603e-08,0.0007194754217280197,0.0161543933377074,0.5789660378867189,0.6209840920588401,6.281245619939727e-08,0.01171302465675082,0.0117130391894056,0.0033107233932602224,0.43872798553586745,0.0,0.0,0.10404764101488992
conv_malloc,conv_malloc_float_full,float,full,512,1,3,inputs/float/matrix_n512_d1.bin,inputs/float/kernel_k3.bin,0.008542242,0.0081932615,0.0016146547555979957,0.008542242,0.0081932615,0.0016146547555979957,0.008542242,0.0081932615,0.0016146547555979957,13096779.06,13095079.5,8230.169012597526,31955203.6,31955204.0,0.6060915268215297,2.439929375861556,2.4402450942045073,0.001532151395145324,41224.92,41330.0,643.7048962602248,363.82,324.0,216.64168573937934,0.008895441231591562,0.007806977756557219,0.00579381753792927,5407947.58,5407947.5,0.6417450697060478,5570.06,5558.5,59.1257428654199,0.0010299766997128512,0.001027839025079383,1.093313270045953e-05,91363.74,91366.0,181.05538784964966,98.78,91.5,28.352943193874992,327.9202575683592,327.920257568359,0.0,4681800,4681800,0.0,0.5624156174666012,0.5714218914731739,0.0791954831129741,50,0.1890200202239641,0.1890200202239641,0.1890200202239641,0.0006284116861781683,1.8966911755853422e-08,0.0006279490752080932,0.015614460774216781,0.5954639265004105,0.6513243567225104,1.1866702851917211e-07,0.010614920281903587,0.010614932069344477,0.0019816985146366563,0.28703121273410603,0.0,0.0,0.1408130938285637
conv_malloc,conv_malloc_float_full,float,full,512,1,5,inputs/float/matrix_n512_d1.bin,inputs/float/kernel_k5.bin,0.013693706660000003,0.0127226525,0.0028286596025533816,0.013693706660000003,0.0127226525,0.0028286596025533816,0.013693706660000003,0.0127226525,0.0028286596025533816,23029344.2,23047229.0,68900.90914331621,70427140.9,70427141.0,0.9948848792642538,3.0581747928213243,3.0557748433105103,0.009167715722842732,41695.94,41647.5,457.6409523026647,376.34,338.0,152.8566902530015,0.009037781913892423,0.008099632101930458,0.003728184025290268,11044763.0,11044763.0,0.5714285720252883,5600.48,5595.5,59.61175065644798,0.0005070710888019263,0.0005066202193059476,5.39728628729032e-06,92006.06,92017.0,194.4502884900868,117.42,101.0,55.11771817794036,312.73648071289074,312.736480712891,0.0,12903200,12903200,0.0,0.9736453468971221,1.0144231770928054,0.15772701803687936,50,0.2065663938030772,0.2065663938030772,0.2065663938030772,0.0029918745642490423,1.4126441405265875e-08,0.002997773621168671,0.010975671787293072,0.40616647247967663,0.4125109524450342,5.173751324725468e-08,0.010644043127811899,0.010644042633238402,0.0021134508801929656,0.46940655917169444,0.0,0.0,0.16199637633922284
conv_malloc,conv_malloc_float_full,float,full,512,1,7,inputs/float/matrix_n512_d1.bin,inputs/float/kernel_k7.bin,0.018631695219999994,0.0173792055,0.003085833275756222,0.018631695219999994,0.0173792055,0.003085833275756222,0.018631695219999994,0.0173792055,0.003085833275756222,36381106.52,36373201.0,22611.632003164013,119301057.12,119301057.0,0.9178501970039727,3.279204885567655,3.279916359912172,0.0020362807991702024,42099.44,42166.5,620.4270142409979,411.58,354.5,267.2278008572843,0.00984343583623841,0.008409258697799807,0.006877035470688712,16848521.42,16848521.0,1.162158441711185,5632.28,5617.0,116.99503565257345,0.0003342892742834332,0.0003333823682986074,6.943929611404204e-06,100443.64,100476.5,300.33143324654384,147.18,98.0,126.95052708252382,301.1625366210938,301.162536621094,0.0,25091528,25091528,0.0,1.3698572765417452,1.4437672785260753,0.14535680683492466,50,0.1656227862961051,0.1656227862961051,0.1656227862961051,0.0006215212830520586,7.693562983945274e-09,0.0006209678474596767,0.014737179740181766,0.6492730474203905,0.6986417735737196,6.897688009178344e-08,0.020772233563063885,0.020772217793373376,0.0029900492778491884,0.8625528406204906,0.0,0.0,0.10611091339521388
conv_malloc,conv_malloc_float_full,float,full,512,2,3,inputs/float/matrix_n512_d2.bin,inputs/float/kernel_k3.bin,0.00858516208,0.007942412,0.0015398719585491363,0.00858516208,0.007942412,0.0015398719585491363,0.00858516208,0.007942412,0.0015398719585491363,13104427.08,13103449.0,10674.717278367412,31955500.82,31955501.0,0.7475128838122809,2.438528704177271,2.4387090845302826,0.0019850824061184366,41007.16,41150.0,803.8540673733363,410.78,364.5,231.902362459475,0.010131372426991726,0.008867824102570969,0.006503562987548946,5407998.56,5407998.5,0.6439672953394504,5604.02,5576.5,92.75103607980635,0.0010362465776014005,0.0010311578304133648,1.7150707226543838e-05,91411.72,91397.5,207.58986645080068,126.92,101.0,74.25874235621373,260023.828125,260023.828125,0.0,4681800,4681800,0.0,0.559204008763849,0.5895077875948087,0.07998751527125302,50,0.17936434329369544,0.17936434329369544,0.17936434329369544,0.0008145886281941456,2.3392306946553462e-08,0.0008140492267808587,0.019602773451595678,0.5645415123897829,0.6419231979097255,1.19076824484112e-07,0.01655080390145045,0.016550797461973358,0.0022709327255936184,0.5850830630019991,0.0,0.0,0.14303816499468555
conv_malloc,conv_malloc_float_full,float,full,512,2,5,inputs/float/matrix_n512_d2.bin,inputs/float/kernel_k5.bin,0.013285029299999997,0.0121306625,0.0023139725665562564,0.013285029299999997,0.0121306625,0.0023139725665562564,0.013285029299999997,0.0121306625,0.0023139725665562564,23040292.14,23074909.0,69000.18989858846,70427479.06,70427479.0,0.9775020232751402,3.056736437912876,3.0521238045272243,0.009190550473154271,41798.84,41792.5,442.27853261057567,360.58,352.0,71.6055208223842,0.008635112582718086,0.008404910729101382,0.0017806569615460147,11044811.22,11044811.0,1.03588668557115,5585.38,5583.5,41.70738201188983,0.0005057017171407924,0.0005055314886892217,3.776190111778407e-06,92029.82,92039.0,171.80110593357807,111.6,99.0,65.67638658682465,257973.921875,257973.921875,0.0,12903200,12903200,0.0,0.9952446078292516,1.0648289921258491,0.14212987718450487,50,0.17417895845786782,0.17417895845786782,0.17417895845786782,0.0029947619361474147,1.3879554348983114e-08,0.0030066545349358063,0.010581119777739663,0.19858428316152918,0.20621120390598485,9.378944238497811e-08,0.007467241622215467,0.007467228177766061,0.0018667982392400425,0.5884980876955614,0.0,0.0,0.14280898993716454
conv_malloc,conv_malloc_float_full,float,full,512,2,7,inputs/float/matrix_n512_d2.bin,inputs/float/kernel_k7.bin,0.018079750699999994,0.017886167,0.0011513618951580287,0.018079750699999994,0.017886167,0.0011513618951580287,0.018079750699999994,0.017886167,0.0011513618951580287,36378679.06,36372517.0,21257.052769019578,119301394.06,119301394.0,1.1851117247738219,3.279432817180135,3.279987318452715,0.0019150923472926386,42109.6,42088.5,336.1671110186306,403.16,370.0,111.63449104930221,0.009579676678507293,0.0087834879464781,0.0026704095759109356,16848569.22,16848569.0,0.7082603004112862,5602.98,5577.5,80.83909187707532,0.0003325493058780823,0.0003310370156658408,4.797975905249913e-06,100355.0,100319.0,297.2233407485264,122.86,91.5,86.92690102867455,255956.609375,255956.609375,0.0,25091528,25091528,0.0,1.3926555334773658,1.4028678024132437,0.07787594822894629,50,0.06368239884845475,0.06368239884845475,0.06368239884845475,0.000584327230077814,9.933762586024737e-09,0.0005839705992023819,0.007983146622590349,0.276898727674626,0.278757797943452,4.203682171246623e-08,0.014427874430584318,0.014427863238448389,0.00296171930395622,0.7075280891150459,0.0,0.0,0.05591903120112937
conv_malloc,conv_malloc_float_full,float,full,1024,0,3,inputs/float/matrix_n1024_d0.bin,inputs/float/kernel_k3.bin,0.03207707214000001,0.029593091000000002,0.005897960641240496,0.03207707214000001,0.029593091000000002,0.005897960641240496,0.03207707214000001,0.029593091000000002,0.005897960641240496,52369740.94,52382130.0,128972.77488844267,126821688.68,126821688.0,1.856483399182081,2.421674073258289,2.4210868956499256,0.0059748895065900144,122393.64,122068.0,1673.5481403172062,39668.14,38457.0,2790.893376168798,0.3239444846908641,0.3146828327281494,0.019322444258710252,21389512.88,21389512.0,2.1154436987584195,7269.76,7257.0,92.6671815186597,0.00033987496779603054,0.0003392783959467249,4.332369981543535e-06,376445.68,377939.5,3855.6305630035804,56650.7,56331.0,1573.4412597739988,522005.9375,522005.9375,0.0,18800712,18800712,0.0,0.6011544572515105,0.6353111440408092,0.08423859445927447,50,0.18386842213961785,0.18386842213961785,0.18386842213961785,0.002462734635945722,1.4638532403289561e-08,0.002467255842794312,0.013673489409394198,0.07035604331760446,0.05964739383400647,9.89009759421141e-08,0.012746938209605228,0.012746952238458243,0.010242196332293096,0.027774436322481433,0.0,0.0,0.14012803771665422
conv_malloc,conv_malloc_float_full,float,full,1024,0,5,inputs/float/matrix_n1024_d0.bin,inputs/float/kernel_k5.bin,0.0545799262,0.047145839,0.01214785508040477,0.0545799262,0.047145839,0.01214785508040477,0.0545799262,0.047145839,0.01214785508040477,92798706.12,92827298.5,110408.66175160969,282404538.54,282404537.0,3.6264898445173253,3.043199010795204,3.042257445482763,0.003624087614178134,124081.58,123736.5,1444.5760353961377,40512.44,39600.5,2198.1679770914243,0.3264000056456819,0.3215783113091643,0.01503368695898861,44196771.94,44196772.0,1.4056736342344642,7267.3,7257.0,58.49795042633243,0.00016443056089937146,0.00016419751012361838,1.3235798062193823e-06,386313.24,385776.0,1620.631680322601,56506.16,56187.5,1357.898246315584,519965.375,519965.375,0.0,52020000,52020000,0.0,0.9927475918505995,1.1033855747340184,0.18300665364848304,50,0.22257001660080608,0.22257001660080608,0.22257001660080608,0.0011897650987594361,1.284147154031544e-08,0.001190880912264473,0.011642147330781392,0.05425908627304167,0.04605908915120602,3.1804893718092306e-08,0.00804947510441738,0.008049475711691997,0.004195123315790577,0.024030977265409363,0.0,0.0,0.18434358859268235
conv_malloc,conv_malloc_float_full,float,full,1024,0,7,inputs/float/matrix_n1024_d0.bin,inputs/float/kernel_k7.bin,0.0790719944,0.070142652,0.018694665715233698,0.0790719944,0.070142652,0.018694665715233698,0.0790719944,0.070142652,0.018694665715233698,147026104.16,147000626.0,152515.35753120526,481327522.76,481327521.0,5.3013667930210655,3.273758990659365,3.274322947568747,0.0033960866736526926,126382.18,125691.5,2487.369372552095,42372.5,40782.5,4070.69966532857,0.33490978540552646,0.32369498302368627,0.026226151949990006,67861195.52,67861195.0,2.5253005474376926,7274.3,7259.0,52.175625711316144,0.00010719380853608346,0.00010696835071896908,7.688571938244166e-07,562199.52,561789.5,2007.7092057102957,56724.04,56171.5,2094.4561610623973,517932.96875,517932.96875,0.0,101559752,101559752,0.0,1.3358456583167881,1.4479030348462407,0.22420361569034603,50,0.2364258781770869,0.2364258781770869,0.2364258781770869,0.0010373352297033704,1.1014052889854043e-08,0.0010373661235730397,0.019681329856409305,0.0960693767261448,0.078308108908296,3.721273296302948e-08,0.007172597461105006,0.007172589576995995,0.0035711684807384673,0.03692360701146105,0.0,0.0,0.16783646695595833
conv_malloc,conv_malloc_float_full,float,full,1024,1,3,inputs/float/matrix_n1024_d1.bin,inputs/float/kernel_k3.bin,0.03215875631999999,0.029469297,0.006789983280204772,0.03215875631999999,0.029469297,0.006789983280204772,0.03215875631999999,0.029469297,0.006789983280204772,52350559.58,52387642.5,137508.6076164548,126821504.58,126821504.0,1.7967090079431018,2.42255989837949,2.420828601885176,0.006394563210678767,122466.52,121802.0,2328.929142024597,40258.08,38791.0,3882.467807874739,0.32833607094184203,0.31893957693554376,0.025226269574976982,21389482.94,21389482.0,2.3247558565876414,7258.72,7264.5,50.9978150792477,0.00033935930194753405,0.0003396294796698152,2.384244145764387e-06,376075.04,378030.5,4974.991629405326,56073.54,55682.5,1608.7209802339548,-1480.1533203125,-1480.1533203125,0.0,18800712,18800712,0.0,0.6022962147373796,0.6379765899458987,0.0863975545823429,50,0.21113948601246077,0.21113948601246077,0.21113948601246077,0.0026266884006525227,1.4167226716741274e-08,0.0026395893100336744,0.019016863890838058,0.09643946775093941,0.07683063728762624,1.0868686555485483e-07,0.007025731131555936,0.007025722094787306,0.013228720601626012,0.02868948491987406,0.0,0.0,0.14344694930552568
conv_malloc,conv_malloc_float_full,float,full,1024,1,5,inputs/float/matrix_n1024_d1.bin,inputs/float/kernel_k5.bin,0.05340099275999998,0.047220325,0.011394475730942537,0.05340099275999998,0.047220325,0.011394475730942537,0.05340099275999998,0.047220325,0.011394475730942537,92786382.74,92803262.5,141166.64641765933,282404377.32,282404376.0,3.559637679368176,3.0436041354245487,3.0430436061665573,0.00463267947399373,124015.84,123614.5,1919.9704223912265,40975.0,39959.5,2994.945347189671,0.3302187432229006,0.32079894291524136,0.02030097457292352,44196750.16,44196750.0,1.6333263914289402,7264.62,7256.5,61.242205668166775,0.00016437000399414922,0.00016418627695002712,1.3856730471118584e-06,386146.98,385895.5,1253.4917351957604,56422.14,55958.5,1855.7857790033363,-1499.6494140625,-1499.6494140625,0.0,52020000,52020000,0.0,1.0087108881200944,1.1016445245239805,0.1668158585279108,50,0.21337572846543726,0.21337572846543726,0.21337572846543726,0.0015214155595786871,1.2604753910505624e-08,0.0015221031605503201,0.015481654782092567,0.07309201579474486,0.06147735399507647,3.695580298361332e-08,0.00843020084576575,0.00843020632378388,0.0032461518543943045,0.03289109167081107,0.0,0.0,0.1653752928540315
conv_malloc,conv_malloc_float_full,float,full,1024,1,7,inputs/float/matrix_n1024_d1.bin,inputs/float/kernel_k7.bin,0.08235598876,0.07031933100000001,0.02061967794675947,0.08235598876,0.07031933100000001,0.02061967794675947,0.08235598876,0.07031933100000001,0.02061967794675947,146985660.28,147015075.0,156344.34947583202,481327394.04,481327392.0,5.439687861278223,3.274659088191464,3.2740002492551037,0.003486745430486526,127059.08,125721.0,3894.8037640959933,43429.28,40700.0,5824.2846842565405,0.3408747612749026,0.3248650737167788,0.03453993100854726,67861185.08,67861184.0,3.330992374957185,7282.76,7283.0,60.258815935589006,0.0001073184913022935,0.00010732203121186381,8.879731666350573e-07,562289.52,561999.0,1931.7524056500627,57265.72,56760.0,1834.1195745854602,-1439.5435791015623,-1439.543579101562,0.0,101559752,101559752,0.0,1.2934994029414961,1.4442667379770469,0.2489885287394261,50,0.25037253826007577,0.25037253826007577,0.25037253826007577,0.001063670763379259,1.1301430021716498e-08,0.001064765930310075,0.030653486268718406,0.13410963028299205,0.10132733464737835,4.908538468684793e-08,0.008274172969532019,0.008274186077903617,0.0034355120217251472,0.03202822866080196,0.0,0.0,0.19249218683302913
conv_malloc,conv_malloc_float_full,float,full,1024,2,3,inputs/float/matrix_n1024_d2.bin,inputs/float/kernel_k3.bin,0.031271552759999995,0.029779759000000003,0.004193019114860091,0.031271552759999995,0.029779759000000003,0.004193019114860091,0.031271552759999995,0.029779759000000003,0.004193019114860091,52370746.22,52388408.5,119044.81389218017,126821821.4,126821821.0,1.5518257844426533,2.4216280039932125,2.420799288314905,0.005522189634111406,121845.86,121451.5,1521.362440011436,39630.3,38691.5,2666.540105202444,0.32509690493436516,0.319399513350095,0.0185354249658441,21389538.62,21389538.0,1.883223462518527,7266.46,7238.0,105.92222984581755,0.0003397202775868964,0.0003383896435026517,4.952049077291995e-06,376060.34,377922.5,4738.573476936551,56104.1,55711.5,1344.2400971461575,1044544.125,1044544.125,0.0,18800712,18800712,0.0,0.6094329557388408,0.6313271389366022,0.06305297763991667,50,0.134084135413431,0.134084135413431,0.134084135413431,0.0022731166249206096,1.2236267917554552e-08,0.0022803624772283083,0.01248595922759654,0.06728538782705262,0.05701507668793794,8.804413671446115e-08,0.014576868219988489,0.014576842785091979,0.012600566911513589,0.023959747988937664,0.0,0.0,0.10346171313212778
conv_malloc,conv_malloc_float_full,float,full,1024,2,5,inputs/float/matrix_n1024_d2.bin,inputs/float/kernel_k5.bin,0.05206064853999999,0.046564641500000004,0.011181748070285222,0.05206064853999999,0.046564641500000004,0.011181748070285222,0.05206064853999999,0.046564641500000004,0.011181748070285222,92796244.28,92810838.5,106903.38288896185,282404677.92,282404676.0,3.3371134960995987,3.0432809823679383,3.042798452525996,0.003508157512805316,123774.4,123523.0,1703.8950456323932,40269.06,39368.5,2221.137963627966,0.325270299779263,0.31955128051616766,0.015725269056688286,44196810.74,44196810.0,1.3372222195513856,7278.3,7266.5,96.07888977930821,0.0001646793032885268,0.0001644123184456073,2.173887834812889e-06,385829.06,385524.5,1505.9954387821574,56324.72,55823.5,1956.245634173912,1040500.8125,1040500.8125,0.0,52020000,52020000,0.0,1.0335068951741853,1.1171583397529714,0.1646304261666035,50,0.2147831113109146,0.2147831113109146,0.2147831113109146,0.0011520227323683,1.1816778392902333e-08,0.001152755047309389,0.013766134561204848,0.05515743262017952,0.048345234924184195,3.0256079503518165e-08,0.013200732283542614,0.01320073495212767,0.0039032711501361702,0.034731564296705104,0.0,0.0,0.15929301191440723
conv_malloc,conv_malloc_float_full,float,full,1024,2,7,inputs/float/matrix_n1024_d2.bin,inputs/float/kernel_k7.bin,0.07784065256,0.06971393249999999,0.017735574794233606,0.07784065256,0.06971393249999999,0.017735574794233606,0.07784065256,0.06971393249999999,0.017735574794233606,146979176.28,147002329.5,184063.04123860205,481327521.34,481327519.0,4.605276466690416,3.274805817841356,3.274284975276431,0.004103768076860323,126543.12,125626.5,3159.796723247385,42786.12,40534.5,4729.286237037966,0.3375352994566208,0.32397035004019725,0.02894453588494953,67861192.88,67861192.0,3.0814785768018145,7297.22,7283.0,90.88393360630396,0.00010753156097603434,0.00010732201223394312,1.3392623605416018e-06,562368.4,562317.5,1791.9061792130824,56973.62,56250.5,2241.3380833050305,1036418.5,1036418.5,0.0,101559752,101559752,0.0,1.35200164271907,1.4568071024018936,0.21451681027118438,50,0.22784463144836728,0.22784463144836728,0.22784463144836728,0.001252306931479573,9.567864421858693e-09,0.001253133255872066,0.024970118669805086,0.11053318779636868,0.08575261885659284,4.540855304814404e-08,0.012454596902149579,0.01245459796533675,0.003186356451061408,0.03933992755427916,0.0,0.0,0.15866608700249815
conv_malloc,conv_malloc_float_full,float,full,2048,0,3,inputs/float/matrix_n2048_d0.bin,inputs/float/kernel_k3.bin,0.13701110392000002,0.1258109985,0.027279217753272147,0.13701110392000002,0.1258109985,0.027279217753272147,0.13701110392000002,0.1258109985,0.027279217753272147,208358951.9,208471302.5,448012.0888104375,505915917.78,505915915.0,7.388048813845339,2.4281088718497745,2.4267893406253505,0.005242803333467196,378396.56,378761.5,4831.259573626223,154042.46,151894.0,5113.947802922945,0.40712691091206255,0.4024210443320517,0.013579957946288341,85211747.9,85211747.0,3.5642785564212387,10821.26,10817.0,76.43346045777976,0.0001269925833801969,0.0001269425938462375,8.969829458772232e-07,1757005.66,1756852.5,1883.0498233299454,259666.8,260554.5,2296.9347364854493,2092834.875,2092834.875,0.0,75350088,75350088,0.0,0.5692941088594786,0.598966848401828,0.0999773776031813,50,0.1991022404227932,0.1991022404227932,0.1991022404227932,0.0021501936188729576,1.4603313622280746e-08,0.0021592126260274068,0.012767715366192079,0.033198300020156425,0.03335558908613031,4.1828487787905576e-08,0.007063268090571686,0.0070632703265181215,0.0010717380519593464,0.008845700476477737,0.0,0.0,0.1756163923836759
conv_malloc,conv_malloc_float_full,float,full,2048,0,5,inputs/float/matrix_n2048_d0.bin,inputs/float/kernel_k5.bin,0.21372388007999996,0.20133986650000002,0.03373595740816016,0.21372388007999996,0.20133986650000002,0.03373595740816016,0.21372388007999996,0.20133986650000002,0.03373595740816016,372453445.58,372607067.0,505199.71027534036,1131649781.12,1131649779.0,9.290416367433654,3.0383712058232755,3.0371130242863993,0.0041273677893941055,386696.88,386057.0,3632.557381262308,160959.76,158418.0,5205.585828586012,0.41625530135788497,0.41139797055614813,0.013328964568409226,176962871.88,176962872.0,2.0666447209770022,10836.42,10823.0,83.24002422304451,6.123555684449415e-05,6.115972185729635e-05,4.7038157384134427e-07,2324575.4,2324691.5,2080.7431266698877,262988.58,263238.0,1287.5262642853104,2088701.125,2088701.125,0.0,208896800,208896800,0.0,0.9986395615264637,1.0375587229818533,0.138940796643176,50,0.15784832932816073,0.15784832932816073,0.15784832932816073,0.0013564103548260168,8.209621494592504e-09,0.0013584145944655094,0.009393810938589181,0.03234091445331437,0.03202112867975067,1.1678408578147461e-08,0.007681505905367687,0.007681510515791734,0.0008951067479548686,0.004895749710064636,0.0,0.0,0.139130074549419
conv_malloc,conv_malloc_float_full,float,full,2048,0,7,inputs/float/matrix_n2048_d0.bin,inputs/float/kernel_k7.bin,0.3249995878,0.33306316950000003,0.04323615620362602,0.3249995878,0.33306316950000003,0.04323615620362602,0.3249995878,0.33306316950000003,0.04323615620362602,595361155.4,595355871.5,801729.375643859,1934233101.06,1934233100.5,11.357654952101509,3.248845712459,3.248868787234619,0.004373240982560983,396393.76,396503.0,4103.534149078458,168665.84,167534.0,5360.16186307534,0.4255502993025872,0.4199568072146912,0.014457166976857156,272524386.32,272524386.0,2.5107117362823623,10810.94,10784.0,91.13063285689341,3.966962423497799e-05,3.957077081456257e-05,3.343944967095131e-07,3387778.48,3385014.0,13146.886795662258,265979.98,266017.5,676.3881113257886,2084572.0,2084572.0,0.0,408636872,408636872,0.0,1.278909198991237,1.22690725132803,0.16634135857579457,50,0.13303449550906174,0.13303449550906174,0.13303449550906174,0.0013466269479828733,5.8719163403197255e-09,0.0013460906948551108,0.010352166363765306,0.03177977154754834,0.03397287465324375,9.21279658743738e-09,0.008429482806943098,0.008429484855434216,0.003880680768614558,0.00254300384309296,0.0,0.0,0.13006502627942576
conv_malloc,conv_malloc_float_full,float,full,2048,1,3,inputs/float/matrix_n2048_d1.bin,inputs/float/kernel_k3.bin,0.13517740161999997,0.120842879,0.027521523874593123,0.13517740161999997,0.120842879,0.027521523874593123,0.13517740161999997,0.120842879,0.027521523874593123,208272536.68,208438683.5,427203.6469182632,505915691.04,505915687.5,7.730036830379246,2.4291142457138695,2.4271679207716637,0.005003599472423279,378307.92,378461.5,4820.2077262377115,154712.22,152788.0,4545.693679983823,0.40900096815212,0.4052103637079346,0.012394163791373189,85211713.72,85211712.5,3.194638365842134,10813.96,10787.5,127.64315053128001,0.00012690696533135636,0.0001265964397861398,1.4979519145120803e-06,1757645.18,1757365.0,1980.1043230607893,259990.44,260730.5,2165.180825365545,-2267.804443359375,-2267.804443359375,0.0,75350088,75350088,0.0,0.5774218701541508,0.6235376788358286,0.10081361765113754,50,0.20359559767215718,0.20359559767215718,0.20359559767215718,0.002051176087486943,1.527929844296542e-08,0.00205984526304271,0.012741493030961953,0.029381607218769295,0.03030350721997171,3.749060107322219e-08,0.011803553049140188,0.011803543726704842,0.0011265665821475921,0.008327924770485964,0.0,0.0,0.1745926554950611
conv_malloc,conv_malloc_float_full,float,full,2048,1,5,inputs/float/matrix_n2048_d1.bin,inputs/float/kernel_k5.bin,0.2161928143,0.2108144565,0.03489335707380659,0.2161928143,0.2108144565,0.03489335707380659,0.2161928143,0.2108144565,0.03489335707380659,372082214.98,372231537.5,483650.53585909674,1131649556.08,1131649555.0,8.975795104614146,3.0414015748633205,3.04017644260961,0.003963352168496885,386437.88,385898.5,3787.1965919559143,161372.46,159628.5,5464.996809790505,0.41762521231617866,0.41238533326614457,0.014686841501984491,176962838.76,176962838.0,2.6229754087995163,10840.4,10807.0,138.7202440974234,6.12580588954688e-05,6.106931793651188e-05,7.838943283273986e-07,2324065.42,2323838.0,2008.6252084855225,263243.62,263197.5,1073.5726525988666,-2180.526123046875,-2180.526123046875,0.0,208896800,208896800,0.0,0.9880418437999157,0.990929984094043,0.13998259152637804,50,0.16139924533008215,0.16139924533008215,0.16139924533008215,0.0012998485721363857,7.931603080114334e-09,0.0013031334636153715,0.009800272664667124,0.03386573402791595,0.035167516397130914,1.482218203086604e-08,0.012796598289493323,0.01279659105204495,0.0008642722322702614,0.004078247566261498,0.0,0.0,0.14167678464711395
conv_malloc,conv_malloc_float_full,float,full,2048,1,7,inputs/float/matrix_n2048_d1.bin,inputs/float/kernel_k7.bin,0.32162359056,0.323577855,0.03898808440218362,0.32162359056,0.323577855,0.03898808440218362,0.32162359056,0.323577855,0.03898808440218362,595129279.54,595233623.5,607493.1517469436,1934232882.54,1934232883.0,10.880069796469382,3.250108716669347,3.249535674421808,0.0033198321242459763,396304.26,396571.0,3495.544130425939,168214.38,166910.0,5571.474504902226,0.4244821369293543,0.41994331345983715,0.014368041831399683,272524359.42,272524359.0,2.110131051955987,10804.78,10774.5,129.27226291507301,3.964702466679227e-05,3.953591539316981e-05,4.743512954293963e-07,3389365.72,3386667.5,13523.732702390744,266152.9,266207.0,625.2923316337675,-2128.9150390625,-2128.9150390625,0.0,408636872,408636872,0.0,1.2883635685156458,1.2628704319754456,0.15092898169312058,50,0.12122271358981752,0.12122271358981752,0.12122271358981752,0.0010207751032120284,5.625005083246165e-09,0.0010214526385591434,0.008820354669984973,0.03312127360872611,0.033848401573117144,7.742908033787781e-09,0.011964358637109965,0.011964360488990376,0.003990048233092634,0.0023493726036190755,0.0,0.0,0.11714781866038748
conv_malloc,conv_malloc_float_full,float,full,2048,2,3,inputs/float/matrix_n2048_d2.bin,inputs/float/kernel_k3.bin,0.14135987860000004,0.1296148985,0.02947769585296198,0.14135987860000004,0.1296148985,0.02947769585296198,0.14135987860000004,0.1296148985,0.02947769585296198,208139680.18,208254661.5,494073.5136583221,505915867.18,505915865.0,7.571940680524759,2.43066901474274,2.4293135300662474,0.00579145729360974,377408.86,376979.5,4837.359652596796,155121.72,152917.0,5387.308275067637,0.4110509785446147,0.4063401147368466,0.01427968460945265,85211733.12,85211732.0,3.3965168227268876,10814.4,10800.5,119.85637663640644,0.00012691210006200154,0.00012674898013748836,1.4065714765119479e-06,1757209.34,1757180.5,2216.692439612873,259044.56,260514.0,3176.535952825317,4186836.5,4186836.5,0.0,75350088,75350088,0.0,0.5546286084792782,0.581707918638495,0.10651782307887636,50,0.20852943667540735,0.20852943667540735,0.20852943667540735,0.0023737593582878833,1.4966798180755093e-08,0.002382659777404001,0.012817292240030602,0.03472955479779129,0.03473944925277136,3.9859731733700565e-08,0.011083035271157572,0.011083036809136264,0.0012614845534641152,0.012262507858977301,0.0,0.0,0.19205252208488635
conv_malloc,conv_malloc_float_full,float,full,2048,2,5,inputs/float/matrix_n2048_d2.bin,inputs/float/kernel_k5.bin,0.22160053128000004,0.210912569,0.039770200566821616,0.22160053128000004,0.210912569,0.039770200566821616,0.22160053128000004,0.210912569,0.039770200566821616,372124212.2,372250130.5,447436.79842851247,1131649782.14,1131649779.5,11.22135353310635,3.0410582059686386,3.0400251977904444,0.003664891970544199,387255.12,386106.0,4069.0547999379323,162038.26,159448.0,5405.8524514583905,0.41844142344391044,0.4130636903014805,0.01373024848883588,176962867.3,176962867.0,2.366863075592877,10814.08,10802.5,85.35301006133649,6.110931725290498e-05,6.10438795555687e-05,4.823214453939205e-07,2325044.34,2324884.5,2096.139401911272,262979.14,263136.0,1014.5158091122959,4178321.75,4178321.75,0.0,208896800,208896800,0.0,0.9699571126396566,0.9906377751668616,0.15718523654505462,50,0.1794679838405738,0.1794679838405738,0.1794679838405738,0.0012023856114689881,9.915924264030053e-09,0.0012051370681926347,0.010507426731860723,0.03336158047771181,0.03281283285921222,1.3374913685029768e-08,0.007892766658036236,0.007892764427358942,0.0009015481407598757,0.0038577805414995872,0.0,0.0,0.16205380062350205
conv_malloc,conv_malloc_float_full,float,full,2048,2,7,inputs/float/matrix_n2048_d2.bin,inputs/float/kernel_k7.bin,0.3378074038999999,0.33689490099999997,0.041506151148320604,0.3378074038999999,0.33689490099999997,0.041506151148320604,0.3378074038999999,0.33689490099999997,0.041506151148320604,595161512.0,595194378.5,649252.6916723484,1934233169.42,1934233168.5,11.097140672297247,3.2499336531678296,3.2497504003877884,0.0035480377158791728,397567.96,396602.5,3798.743637422397,169095.0,168186.0,4922.529480845789,0.4253299550352822,0.4218259555798504,0.012001799466332246,272524405.48,272524405.0,1.8209663309588708,10804.22,10784.5,94.5078098489695,3.964496310330979e-05,3.9572602899004524e-05,3.467865950415279e-07,3391203.96,3390546.0,12499.924984199395,266137.34,266102.5,750.5527924708123,4170275.25,4170275.25,0.0,408636872,408636872,0.0,1.227813367914272,1.21295490049181,0.1515036723349306,50,0.12286927601091757,0.12286927601091757,0.12286927601091757,0.001090884875083032,5.737230054649947e-09,0.0010917261995243412,0.009554954170407488,0.029111029189779647,0.028217620988713728,6.681846815706594e-09,0.008747305205648303,0.008747305279055137,0.003685984426663442,0.0028201709405783204,0.0,0.0,0.12339307935072819
conv_malloc,conv_malloc_float_skip_kernel,float,skip_kernel,512,0,3,inputs/float/matrix_n512_d0.bin,inputs/float/kernel_k3.bin,0.0063165653400000035,0.005673596,0.0010223806021644121,0.0063165653400000035,0.005673596,0.0010223806021644121,0.0063165653400000035,0.005673596,0.0010223806021644121,8674652.92,8673753.5,8093.642339515227,19309539.0,19309539.0,0.638876565176876,2.2259744140454854,2.226203457193737,0.0020740221644142236,40836.78,40865.5,516.3058455241908,413.0,376.0,129.7720135861507,0.010146787313306236,0.009102074212529756,0.0033841722064143764,3295986.14,3295986.0,0.4952838806759622,5626.8,5584.5,129.24285003710742,0.0017071673710602614,0.001694333653116245,3.921210105809304e-05,91701.48,91691.5,150.00928406642947,154.66,115.5,100.67478658065892,129880.4921875,129880.4921875,0.0,2080800,2080800,0.0,0.3363410668061998,0.3667516041490757,0.04427937039400595,50,0.16185704526637756,0.16185704526637756,0.16185704526637756,0.0009330220372108244,3.308605996118685e-08,0.0009317367492310463,0.012643157602636417,0.31421795057179347,0.3335215474533954,1.5026879957570518e-07,0.022969156543169725,0.02296910175464506,0.0016358436534113679,0.6509426262812551,0.0,0.0,0.1316502049971786
conv_malloc,conv_malloc_float_skip_kernel,float,skip_kernel,512,0,5,inputs/float/matrix_n512_d0.bin,inputs/float/kernel_k5.bin,0.008701507320000003,0.0082716605,0.0018682883672234399,0.008701507320000003,0.0082716605,0.0018682883672234399,0.008701507320000003,0.0082716605,0.0018682883672234399,12503930.16,12495978.5,33095.59766603174,32334994.74,32334995.0,0.8526070460483507,2.5860040852960147,2.5876321498944606,0.006774975777038113,41301.96,41265.0,518.7500660437643,381.36,366.5,126.35272301080376,0.00926742389326884,0.008847355623944285,0.0033508215178662355,5338234.52,5338234.0,0.6464976283838185,5609.5,5598.0,52.42146701573331,0.0010508155793638512,0.001048661313059098,9.819999239051336e-06,93184.62,93172.0,195.96073013515044,107.48,91.0,59.70377214350249,128850.8046875,128850.8046875,0.0,4645152,4645152,0.0,0.5530762236051969,0.5615952176027075,0.09357538261622342,50,0.21470858996225486,0.21470858996225486,0.21470858996225486,0.002646815620572191,2.6367935201598574e-08,0.002619862751014407,0.012559938221909185,0.3313213840224558,0.36156989865328387,1.2110701130901582e-07,0.009345122919285732,0.009345121476973365,0.002102929969936567,0.5554872733857693,0.0,0.0,0.16919075277953088
conv_malloc,conv_malloc_float_skip_kernel,float,skip_kernel,512,0,7,inputs/float/matrix_n512_d0.bin,inputs/float/kernel_k7.bin,0.01045243466,0.009972223499999999,0.001977706631782457,0.01045243466,0.009972223499999999,0.001977706631782457,0.01045243466,0.009972223499999999,0.001977706631782457,16920934.92,16903762.0,86198.771199357,49250667.04,49250667.0,0.6986868154961418,2.91070902196118,2.9135931464536458,0.014808274955597922,41427.0,41453.0,447.2661171962796,365.08,359.0,42.025667569877776,0.008816976226382573,0.008631795905848418,0.0010555742813438227,7860187.12,7860187.0,0.6590035768197825,5607.26,5602.0,56.14842211605291,0.000713374874460151,0.0007127056900809103,7.143394834939518e-06,94235.82,94201.5,201.88860234075162,137.84,111.5,77.21778371883629,127835.2734375,127835.2734375,0.0,8193152,8193152,0.0,0.805119061502568,0.821598582257048,0.11651283011045042,50,0.18921014061449842,0.18921014061449842,0.18921014061449842,0.005094208541483888,1.418634218555229e-08,0.005087514706509684,0.010796488212911376,0.11511358488516976,0.11972066774834704,8.384069828859017e-08,0.010013522133101178,0.01001352176910535,0.002142376458768562,0.5601986630791953,0.0,0.0,0.14471503120669663
conv_malloc,conv_malloc_float_skip_kernel,float,skip_kernel,512,1,3,inputs/float/matrix_n512_d1.bin,inputs/float/kernel_k3.bin,0.00635469926,0.006052297,0.0008646661574895997,0.00635469926,0.006052297,0.0008646661574895997,0.00635469926,0.006052297,0.0008646661574895997,8672537.52,8670896.0,8136.671799266753,19309197.9,19309198.0,0.6468132237914025,2.226478064519879,2.2268977189036967,0.0020883049364799535,40983.9,41010.5,478.13947457081736,357.78,331.5,98.43391857754426,0.00875170212423949,0.008102499252796137,0.002596433725005705,3295931.06,3295931.0,0.5115003940044133,5616.1,5586.0,112.63925621565673,0.0017039494738435362,0.0016948170334876549,3.4175171160147515e-05,91713.96,91731.5,157.2996568362961,106.4,97.0,34.59621307576415,322.90841674804693,322.908416748047,0.0,2080800,2080800,0.0,0.3326953288618445,0.34387912399432274,0.0400104499351131,50,0.13606720351540283,0.13606720351540283,0.13606720351540283,0.0009382111960314417,3.349767437990796e-08,0.0009379409434829885,0.011666519647247268,0.27512415053257383,0.2966775706195932,1.551914723618076e-07,0.02005649048550715,0.0200564463235285,0.0017151113836573633,0.32515237853161794,0.0,0.0,0.12026153199081402
conv_malloc,conv_malloc_float_skip_kernel,float,skip_kernel,512,1,5,inputs/float/matrix_n512_d1.bin,inputs/float/kernel_k5.bin,0.009102451159999999,0.0080318235,0.0022655940336512126,0.009102451159999999,0.0080318235,0.0022655940336512126,0.009102451159999999,0.0080318235,0.0022655940336512126,12501234.72,12499524.5,12096.749359346948,32334667.12,32334667.0,0.9398219545622327,2.586520251802437,2.586871764997151,0.0025015859560804,41408.1,41410.5,408.4114197168124,365.84,353.0,79.0250179967569,0.008842102592983186,0.008522449201943647,0.001963993375082987,5338180.7,5338181.0,0.8864052605048757,5594.9,5588.5,58.37257183692648,0.0010480911593802598,0.0010468920923463452,1.0934897268017717e-05,93110.34,93106.5,203.31885183180532,124.24,100.0,104.20281636681183,320.20822143554693,320.208221435547,0.0,4645152,4645152,0.0,0.5383100871906047,0.5785587192104116,0.1158382981981445,50,0.24889933423726415,0.24889933423726415,0.24889933423726415,0.0009676443671595143,2.9065459405361358e-08,0.0009671627176849476,0.009863080404964546,0.21600978022293055,0.22211836544868302,1.6605006655261325e-07,0.010433175183993724,0.010433154759633278,0.0021836334378309147,0.8387219604540553,0.0,0.0,0.21518879351248066
conv_malloc,conv_malloc_float_skip_kernel,float,skip_kernel,512,1,7,inputs/float/matrix_n512_d1.bin,inputs/float/kernel_k7.bin,0.010366918860000001,0.010125814,0.0016002104075303247,0.010366918860000001,0.010125814,0.0016002104075303247,0.010366918860000001,0.010125814,0.0016002104075303247,16918995.3,16927823.5,89550.427726334,49250325.92,49250326.0,0.8290638930140362,2.911028632103931,2.909430702991759,0.015426790566669719,41359.24,41370.5,358.2948597602434,379.56,372.0,61.72194396927997,0.009179647932873725,0.009036880494419901,0.0015127475855711405,7860132.3,7860132.0,0.7071067810739131,5603.98,5599.0,55.89402874171464,0.0007129625540285087,0.0007123289588392606,7.111074674231893e-06,94223.16,94204.0,200.67451156496264,135.68,114.0,104.75772632359771,292.83413696289074,292.834136962891,0.0,8193152,8193152,0.0,0.8051231945879824,0.8091358015646106,0.09946230939407483,50,0.15435737745615236,0.15435737745615236,0.15435737745615236,0.005292892759792539,1.6833673230116894e-08,0.005299429348285072,0.008662994285200681,0.1626144587661502,0.16479363877929998,8.99611805610337e-08,0.009973987905330613,0.009973980588533894,0.0021297790433367192,0.7720940914180255,0.0,0.0,0.12353675817894445
conv_malloc,conv_malloc_float_skip_kernel,float,skip_kernel,512,2,3,inputs/float/matrix_n512_d2.bin,inputs/float/kernel_k3.bin,0.0064271095,0.005702952,0.001148934459589446,0.0064271095,0.005702952,0.001148934459589446,0.0064271095,0.005702952,0.001148934459589446,8678291.18,8678179.5,6647.556260178751,19309454.08,19309454.0,0.6006798867100194,2.2250308017869815,2.225058205015279,0.0017042292849877773,40952.68,40994.5,424.4652549420994,395.78,389.5,68.37749062732411,0.009675820206291968,0.009397749287242983,0.0017718383676309803,3295968.12,3295968.0,0.4797958749720935,5601.28,5588.5,60.707408013808944,0.0016994339134140618,0.001695556510257381,1.8418706873718432e-05,91673.96,91686.5,163.58134218242776,140.14,118.5,57.93275834789776,260017.53125,260017.53125,0.0,2080800,2080800,0.0,0.3317750636133314,0.364863680580234,0.04685195571792754,50,0.178763791030703,0.178763791030703,0.178763791030703,0.0007659982964732408,3.1108071943482904e-08,0.000765935142838951,0.010364773561635024,0.17276641221720176,0.18312022442074666,1.455705448304195e-07,0.0108381312867432,0.010838142471051635,0.0017843817609976458,0.4133920247459524,0.0,0.0,0.14121602512156048
conv_malloc,conv_malloc_float_skip_kernel,float,skip_kernel,512,2,5,inputs/float/matrix_n512_d2.bin,inputs/float/kernel_k5.bin,0.0084603072,0.007269079,0.0017710767838047348,0.0084603072,0.007269079,0.0017710767838047348,0.0084603072,0.007269079,0.0017710767838047348,12498976.92,12496142.0,18227.047393566987,32334961.76,32334962.0,0.7969328963595795,2.5870140336261267,2.5875955956323575,0.003747429187577505,41313.56,41256.0,355.50970364781193,357.2,351.0,42.03497086367739,0.008649552884318557,0.008536412583060076,0.0010468052841953197,5338227.7,5338228.0,0.7889543583583704,5621.16,5612.0,52.71578007947677,0.001053001167640571,0.0010512851830232805,9.875171539227494e-06,93158.64,93184.5,178.17404469810552,115.84,99.0,95.15194293811324,257981.078125,257981.078125,0.0,4645152,4645152,0.0,0.5683537683792877,0.6390289946590954,0.09533820445804418,50,0.20933953601646224,0.20933953601646224,0.20933953601646224,0.001458283146711098,2.464616789327477e-08,0.001448553869004284,0.008605157813749577,0.11767908976393446,0.12102420763195215,1.47793313192386e-07,0.009378096350126446,0.009378120217430055,0.001912587438997666,0.8214083471867509,0.0,0.0,0.16774447494191813
conv_malloc,conv_malloc_float_skip_kernel,float,skip_kernel,512,2,7,inputs/float/matrix_n512_d2.bin,inputs/float/kernel_k7.bin,0.009823003419999999,0.0091108895,0.0012685570776738958,0.009823003419999999,0.0091108895,0.0012685570776738958,0.009823003419999999,0.0091108895,0.0012685570776738958,16902688.86,16901019.0,84732.86032308264,49250640.78,49250641.0,0.6788345361338282,2.9138472543656957,2.9140633819563275,0.014605007902359673,41263.8,41261.5,415.91791772622037,423.7,373.5,134.3605034895269,0.010285105021344736,0.009079354609150086,0.003332203110300274,7860179.08,7860179.0,0.7515969393557371,5603.1,5592.5,46.90687691629895,0.0007128463540489315,0.0007114977915816522,5.967649967375906e-06,94201.54,94189.0,230.22705828669652,144.68,111.5,91.37106227032803,255965.359375,255965.359375,0.0,8193152,8193152,0.0,0.8450063265672081,0.8992702748078579,0.08736876537243905,50,0.12914146757712275,0.12914146757712275,0.12914146757712275,0.005012981131280354,1.3783263027300416e-08,0.005012276426115885,0.010079486565130219,0.31711235187521103,0.32398338212249017,9.562084167626078e-08,0.008371593745658466,0.008371579560560217,0.002443984018591379,0.6315389982743159,0.0,0.0,0.1033942144875647
conv_malloc,conv_malloc_float_skip_kernel,float,skip_kernel,1024,0,3,inputs/float/matrix_n1024_d0.bin,inputs/float/kernel_k3.bin,0.023590050979999996,0.022169955499999998,0.003484247468996224,0.023590050979999996,0.022169955499999998,0.003484247468996224,0.023590050979999996,0.022169955499999998,0.003484247468996224,34561702.84,34595495.0,117955.62258650502,76036323.3,76036323.0,1.328648231208967,2.200041934375158,2.1978677715181045,0.00754588984430216,121978.34,121394.0,1903.7640225273158,39411.06,38227.0,3302.979690077011,0.3228121629837377,0.31485700140513156,0.02191498703158956,12905659.1,12905659.0,1.0738068842488886,7292.72,7292.5,59.664039010281634,0.0005650792372011219,0.0005650621947582389,4.623089317174778e-06,361391.6,361360.0,909.3038153287679,56065.5,55951.5,637.3350526903089,521986.03125,521986.03125,0.0,8355872,8355872,0.0,0.36041372954473994,0.37690077346638917,0.04322787663319733,50,0.14769987025251544,0.14769987025251544,0.14769987025251544,0.0034128996228157205,1.747386214305508e-08,0.0034298845519257328,0.015607394087567644,0.08380844590521065,0.06788773641312137,8.320434283351624e-08,0.008181314929173426,0.008181311598127851,0.002516117738566054,0.011367686949912316,0.0,0.0,0.11993959466472334
conv_malloc,conv_malloc_float_skip_kernel,float,skip_kernel,1024,0,5,inputs/float/matrix_n1024_d0.bin,inputs/float/kernel_k5.bin,0.03169770556,0.0284750345,0.007140186423495573,0.03169770556,0.0284750345,0.007140186423495573,0.03169770556,0.0284750345,0.007140186423495573,50112705.1,50140419.0,164506.1917949216,128823865.36,128823864.0,1.9770107313611245,2.5707098878512857,2.569261826518532,0.00844328688798481,122510.74,121835.0,2343.886557904743,40162.9,38554.5,4066.893249654044,0.3274147638422518,0.31744803120793197,0.026727014991470278,21184092.34,21184092.0,2.1151542606787435,7259.58,7246.5,61.66502332798399,0.0003426901602591724,0.00034207273750853885,2.9109057391405305e-06,478669.22,478730.0,728.0990146278452,56191.96,55979.0,1093.8073172853326,519947.71875,519947.71875,0.0,18727200,18727200,0.0,0.6122979274105638,0.6576840520548815,0.09873202938311153,50,0.2252587781150294,0.2252587781150294,0.2252587781150294,0.0032827242406221965,1.5346618624090665e-08,0.0032844184121616645,0.019132090442884785,0.10125995009459088,0.08163045147331026,9.984634822823584e-08,0.008494296271682933,0.00849427872962284,0.0015210901060817015,0.019465548403816712,0.0,0.0,0.16124834817039777
conv_malloc,conv_malloc_float_skip_kernel,float,skip_kernel,1024,0,7,inputs/float/matrix_n1024_d0.bin,inputs/float/kernel_k7.bin,0.04188516346000001,0.036799918,0.010251906656443936,0.04188516346000001,0.036799918,0.010251906656443936,0.04188516346000001,0.036799918,0.010251906656443936,68178088.16,68148069.0,271730.6460789855,197777334.2,197777333.0,2.7180425136171635,2.900938109676042,2.9021707797227876,0.011566221492072754,123141.74,122392.0,2539.500969859702,40498.22,38975.0,4066.8719930377815,0.3284189378749553,0.31852995108109383,0.025890756043649536,31470044.78,31470044.0,2.1973081867137925,7310.9,7302.0,85.44415767992949,0.00023231298372763595,0.00023203015133628014,2.7150973810480134e-06,547696.34,547548.0,690.4416986130745,55984.96,55896.5,1027.8257010975808,517927.03125,517927.03125,0.0,33162368,33162368,0.0,0.8274581964217645,0.9011538715197769,0.14992304377701657,50,0.24476224537680083,0.24476224537680083,0.24476224537680083,0.003985600849370979,1.3742942408499527e-08,0.003987062479373058,0.020622584753631885,0.10042100598588731,0.07883454045365489,6.982221353908707e-08,0.011687228341234252,0.011687239074985138,0.0012606286516595574,0.01835896106914394,0.0,0.0,0.18118503680952017
conv_malloc,conv_malloc_float_skip_kernel,float,skip_kernel,1024,1,3,inputs/float/matrix_n1024_d1.bin,inputs/float/kernel_k3.bin,0.02344088553999999,0.021953408,0.004152781302051699,0.02344088553999999,0.021953408,0.004152781302051699,0.02344088553999999,0.021953408,0.004152781302051699,34635802.82,34641929.5,101664.14881116094,76036237.34,76036237.0,1.364416602350748,2.195326116127427,2.1949192235439394,0.006475679358082101,121159.76,121002.5,1469.4571198026774,38756.24,38254.5,2241.493566935279,0.31980359475739467,0.31483351356817346,0.016108044945883616,12905652.52,12905652.0,1.3738074606754245,7268.04,7256.0,95.71406396562817,0.0005631671849229851,0.00056223426130527,7.416440998766711e-06,361253.4,361354.0,722.6821922673985,55812.86,55460.0,1197.462930447502,-1468.0311279296877,-1468.031127929688,0.0,8355872,8355872,0.0,0.3643154578630153,0.3806204627409182,0.045833549527293696,50,0.1771597448810247,0.1771597448810247,0.1771597448810247,0.0029352329247138535,1.7944294064022237e-08,0.0029497573551875073,0.01212826040430154,0.05783568186530167,0.050368554981701494,1.0645005810798201e-07,0.013169171326193605,0.013169163966435532,0.002000485510357545,0.02145496450903075,0.0,0.0,0.1258073148917205
conv_malloc,conv_malloc_float_skip_kernel,float,skip_kernel,1024,1,5,inputs/float/matrix_n1024_d1.bin,inputs/float/kernel_k5.bin,0.032011155999999985,0.028852246499999998,0.006895693068250002,0.032011155999999985,0.028852246499999998,0.006895693068250002,0.032011155999999985,0.028852246499999998,0.006895693068250002,50123402.52,50153436.0,164716.36120055703,128823756.6,128823756.0,2.194613070530124,2.57015917853368,2.5685928279135415,0.008465211509676827,122819.58,122305.0,2520.020570777718,40464.2,38748.0,4075.6097828473253,0.329041065708981,0.31808421232637757,0.026599504731092998,21184084.12,21184084.0,1.2719902450934335,7267.7,7261.0,84.01682290239417,0.0003430735998730434,0.00034275733476864375,3.966030859320217e-06,478725.18,478685.5,708.230323714385,55959.58,55633.5,1387.3571717624898,-1449.3861083984377,-1449.386108398438,0.0,18727200,18727200,0.0,0.6049557383794059,0.6490727495248969,0.09561612361170879,50,0.21541530922063562,0.21541530922063562,0.21541530922063562,0.0032862166756303644,1.7035779179646467e-08,0.00329365261902042,0.020518068623730176,0.10072137303708774,0.0808394680882137,6.004461830344325e-08,0.01156030420936392,0.011560291613192832,0.0014794089663601672,0.024792129815171766,0.0,0.0,0.1580547427615967
conv_malloc,conv_malloc_float_skip_kernel,float,skip_kernel,1024,1,7,inputs/float/matrix_n1024_d1.bin,inputs/float/kernel_k7.bin,0.04181688348,0.036309843999999994,0.010031837568896064,0.04181688348,0.036309843999999994,0.010031837568896064,0.04181688348,0.036309843999999994,0.010031837568896064,68092763.12,68069105.0,266643.33697914414,197777248.28,197777247.0,3.023985747492401,2.90457035115856,2.90553668681311,0.01137587010214387,123607.1,122614.0,2891.3986111519516,41177.04,39411.0,4515.031854973848,0.33258903717003535,0.3198739121301063,0.028678105414685386,31470037.3,31470037.0,1.8098370650991984,7316.06,7295.5,92.79347487615621,0.00023247700437846876,0.00023182368308293075,2.948627202688887e-06,547579.88,547707.5,810.5453603744043,56449.28,56145.0,1380.262117076584,-1420.6224365234377,-1420.622436523438,0.0,33162368,33162368,0.0,0.8279325158595365,0.9133438360562347,0.15035973592592594,50,0.2398992161549784,0.2398992161549784,0.2398992161549784,0.003915883638166336,1.528985651176237e-08,0.003916541425001574,0.02339184894032747,0.10964925732820639,0.08622685118759273,5.750984810873416e-08,0.0126835311460207,0.012683522013594817,0.001480232181603174,0.024451367972746225,0.0,0.0,0.18160868554585835
conv_malloc,conv_malloc_float_skip_kernel,float,skip_kernel,1024,2,3,inputs/float/matrix_n1024_d2.bin,inputs/float/kernel_k3.bin,0.023102840519999997,0.022242552,0.0027645969731792896,0.023102840519999997,0.022242552,0.0027645969731792896,0.023102840519999997,0.022242552,0.0027645969731792896,34628626.34,34628217.5,78919.73079683741,76036453.16,76036453.0,1.1313708494405716,2.1957798854235904,2.19579458667882,0.005016988820734694,120991.24,120690.5,1160.5135309466252,38619.04,38161.5,1450.2672373020907,0.31916998595086066,0.31508615247199323,0.010970363889602347,12905684.1,12905684.0,1.1111677990273847,7260.52,7250.0,54.37257712171774,0.0005625831178562913,0.0005617679775825907,4.2130618564079184e-06,361202.52,361144.0,739.4237756523816,55819.84,55635.5,1021.9071278541825,1044522.3125,1044522.3125,0.0,8355872,8355872,0.0,0.3658072837045174,0.37567294005215757,0.03551450261448427,50,0.1196648079177101,0.1196648079177101,0.1196648079177101,0.0022790315163520114,1.4879321725592332e-08,0.002284832306753216,0.009591715325395666,0.037553166451110405,0.034371539845514616,8.609910101761941e-08,0.00748879930386773,0.007488781164393421,0.0020471168796175106,0.01830723857062619,0.0,0.0,0.09708528013666147
conv_malloc,conv_malloc_float_skip_kernel,float,skip_kernel,1024,2,5,inputs/float/matrix_n1024_d2.bin,inputs/float/kernel_k5.bin,0.03300456035999999,0.029082869999999997,0.007349936540213573,0.03300456035999999,0.029082869999999997,0.007349936540213573,0.03300456035999999,0.029082869999999997,0.007349936540213573,50098673.96,50129283.5,128058.36620630152,128823959.88,128823959.0,2.2098111478723714,2.5714211282375214,2.569834438828713,0.006604481103624833,122225.2,121764.0,2175.0424344910493,39792.82,38448.0,3603.217879810734,0.3252270076813128,0.3165871812083105,0.02358540242021248,21184114.9,21184115.0,1.606745982933158,7264.48,7252.5,89.44049213109838,0.0003429211007540448,0.00034235558913676576,4.222054869473185e-06,478756.02,478748.0,746.1545085384447,55480.84,55273.5,1142.3330827025602,1040466.1875,1040466.1875,0.0,18727200,18727200,0.0,0.5899256398184598,0.6439255452102902,0.10413766011975818,50,0.22269457493278288,0.22269457493278288,0.22269457493278288,0.002556122868811786,1.7153727846363508e-08,0.0025684167525494403,0.017795368176865733,0.09054944786046161,0.07251981496974451,7.584673660041176e-08,0.01231202950948979,0.012312029968961849,0.0015585276787505348,0.02058968614574978,0.0,0.0,0.17652675708722354
conv_malloc,conv_malloc_float_skip_kernel,float,skip_kernel,1024,2,7,inputs/float/matrix_n1024_d2.bin,inputs/float/kernel_k7.bin,0.03968307842000002,0.036578254000000004,0.008403770584212603,0.03968307842000002,0.036578254000000004,0.008403770584212603,0.03968307842000002,0.036578254000000004,0.008403770584212603,68240401.0,68284664.5,285876.01819655806,197777463.36,197777463.0,2.192380122236949,2.8982958709841777,2.8963671999141924,0.012168622919672167,122857.4,122582.0,2191.713289382794,39880.14,38721.5,3339.253203875358,0.32430752535856333,0.31782999503475584,0.021310855901257735,31470069.26,31470069.0,1.56244183542621,7294.68,7292.0,57.704539488250106,0.00023179739260388067,0.0002317122416132053,1.8336305093857663e-06,547635.36,547620.5,647.238742817582,56055.4,55831.0,1239.670216185723,1036431.3125,1036431.3125,0.0,33162368,33162368,0.0,0.8616540141422944,0.9066143642597418,0.12638059291665826,50,0.21177214366456903,0.21177214366456903,0.21177214366456903,0.00418924880286911,1.1085085656328386e-08,0.004198544062218207,0.017839489435579736,0.0837322337352717,0.06571187602784076,4.9648503233901366e-08,0.007910496346412742,0.007910488072310906,0.0011818790204079991,0.022115090003562956,0.0,0.0,0.14667208745317545
conv_malloc,conv_malloc_float_skip_kernel,float,skip_kernel,2048,0,3,inputs/float/matrix_n2048_d0.bin,inputs/float/kernel_k3.bin,0.11824055371999999,0.1177887375,0.023557172065815684,0.11824055371999999,0.1177887375,0.023557172065815684,0.11824055371999999,0.1177887375,0.023557172065815684,136612898.46,136882749.5,584650.2682260757,302371177.94,302371178.5,5.877699124886796,2.213382669651806,2.2089794527409503,0.009501558735813478,370779.6,368898.0,5660.3836965206465,152810.86,150469.5,5693.57664214684,0.41221542502283975,0.4040501803990171,0.01626568632803476,51204670.9,51204670.0,3.453776400297584,10759.76,10746.5,98.11645725194862,0.00021013239242492272,0.00020987343332198709,1.916161169917888e-06,1511703.46,1511520.5,1842.3363628495072,255606.54,258243.5,4885.578361559539,2092719.75,2092719.75,0.0,33488928,33488928,0.0,0.29553547618622206,0.28431370884601814,0.06386733641687393,50,0.1992309011136766,0.1992309011136766,0.1992309011136766,0.004279612502308925,1.9438688452155044e-08,0.0042927772346334474,0.015266168086163982,0.03725897912063868,0.039459188911073674,6.745041691689857e-08,0.009118833250179243,0.009118828124523947,0.0012187154502176685,0.01911366728550662,0.0,0.0,0.2161071734637706
conv_malloc,conv_malloc_float_skip_kernel,float,skip_kernel,2048,0,5,inputs/float/matrix_n2048_d0.bin,inputs/float/kernel_k5.bin,0.14018855742000003,0.1263643535,0.03101111816768212,0.14018855742000003,0.1263643535,0.03101111816768212,0.14018855742000003,0.1263643535,0.03101111816768212,199742204.38,199897068.0,502812.3737517144,514898439.9,514898437.0,7.941752237111428,2.577831009059056,2.575817885447293,0.006511082430283905,376059.08,376214.0,4497.019343194009,155130.08,152528.5,5930.614666288812,0.4125508613794549,0.40536460299853344,0.015984579110306055,84538312.72,84538312.0,2.921000668453485,10830.08,10827.0,103.54824173952433,0.0001281085421626618,0.00012807211007491881,1.2248668732672642e-06,1775839.4,1775526.5,1942.0780160457437,258578.72,259649.0,2638.424166669427,2088695.25,2088695.25,0.0,75202848,75202848,0.0,0.5615771789908497,0.5951700179483446,0.11666555795623915,50,0.22121005264911808,0.22121005264911808,0.22121005264911808,0.0025173066218651414,1.5423919790189734e-08,0.0025257987848709062,0.0119582788512752,0.0382299465473673,0.03874571745374154,3.45523890230475e-08,0.009561170530552344,0.009561164716963432,0.0010936112894250143,0.010203562639143031,0.0,0.0,0.20774625878830466
conv_malloc,conv_malloc_float_skip_kernel,float,skip_kernel,2048,0,7,inputs/float/matrix_n2048_d0.bin,inputs/float/kernel_k7.bin,0.1713158015,0.1629063375,0.028928841588483824,0.1713158015,0.1629063375,0.028928841588483824,0.1713158015,0.1629063375,0.028928841588483824,272786704.32,272849620.0,571828.1987034846,793309265.5,793309264.0,7.351939904465166,2.9081794457918413,2.9074962975683216,0.006104839454854814,381207.14,381767.5,4195.5677537037045,156783.6,154273.0,5708.018502465617,0.4112709159465961,0.4064042067997371,0.013939014837924256,126080876.04,126080875.0,3.374332888353511,10876.58,10846.0,141.76829184069533,8.626669120169918e-05,8.602414815855151e-05,1.1244233070048323e-06,2037154.22,2037085.0,1911.8850329410002,260581.2,260664.0,1413.9472755230968,2084556.75,2084556.75,0.0,133432448,133432448,0.0,0.8003438755177641,0.8190748704929324,0.13059312698915143,50,0.16886265794042252,0.16886265794042252,0.16886265794042252,0.002096246589909623,9.267432291782763e-09,0.0020991962733553342,0.011006005170059785,0.036406987098558885,0.03389253724845024,2.6763241138037313e-08,0.013034271052177736,0.013034269558059561,0.0009385077546760304,0.0054261292661293165,0.0,0.0,0.1631712704800386
conv_malloc,conv_malloc_float_skip_kernel,float,skip_kernel,2048,1,3,inputs/float/matrix_n2048_d1.bin,inputs/float/kernel_k3.bin,0.11278710673999998,0.113276461,0.023929504968050002,0.11278710673999998,0.113276461,0.023929504968050002,0.11278710673999998,0.113276461,0.023929504968050002,136687805.82,136844991.5,623413.0650197584,302370927.64,302370928.0,6.232763986297427,2.2121733184668653,2.2095871166464827,0.010130861413717345,371789.34,370094.0,5205.791000728437,152661.4,150933.5,5291.675133101585,0.4107155914597647,0.40317199335227044,0.01606282413216086,51204628.66,51204628.0,3.2677146735707034,10720.56,10687.5,121.72454014482612,0.00020936700999739033,0.00020872137200204504,2.377218586984734e-06,1512530.46,1511899.0,2242.346131139641,255269.02,258627.0,5954.939371476351,-2226.6865234375,-2226.6865234375,0.0,33488928,33488928,0.0,0.3107620259723916,0.29563907207816353,0.06725699977719657,50,0.21216525239195091,0.21216525239195091,0.21216525239195091,0.004560853554418103,2.0612973723843247e-08,0.004579596602647067,0.014001991021927732,0.034662823301119895,0.039109360506793506,6.381678295664265e-08,0.011354307997420482,0.011354313112721842,0.0014825130405239184,0.02332809273713023,0.0,0.0,0.21642605645508228
conv_malloc,conv_malloc_float_skip_kernel,float,skip_kernel,2048,1,5,inputs/float/matrix_n2048_d1.bin,inputs/float/kernel_k5.bin,0.1250297564,0.11254492299999999,0.02499093920307027,0.1250297564,0.11254492299999999,0.02499093920307027,0.1250297564,0.11254492299999999,0.02499093920307027,199814277.66,199947729.0,382380.10889408924,514898174.36,514898172.0,6.457901346766916,2.576893089528768,2.5751639272615883,0.0049553681191018255,376751.96,377255.0,4556.450592113044,152926.24,152347.5,3943.3973727211005,0.40595808251916954,0.40265462376628774,0.011372721060052285,84538269.4,84538269.0,2.249716536617828,10823.48,10810.5,89.23855668935926,0.00012803053666977823,0.00012787699809594364,1.055600135421769e-06,1776334.42,1776166.5,2433.479536945972,259077.76,259779.5,2566.9827564354127,-2178.1533203125,-2178.1533203125,0.0,75202848,75202848,0.0,0.6200071202025906,0.6682062440413465,0.09528747945306767,50,0.19987993196690151,0.19987993196690151,0.19987993196690151,0.0019136776078871583,1.2542094084512644e-08,0.0019230010508538423,0.012094032880712932,0.02578627037924362,0.028014520586655052,2.661181205369965e-08,0.00824490429042778,0.008244909088715432,0.0013699444820452064,0.009908155591724324,0.0,0.0,0.15368771800867703
conv_malloc,conv_malloc_float_skip_kernel,float,skip_kernel,2048,1,7,inputs/float/matrix_n2048_d1.bin,inputs/float/kernel_k7.bin,0.16611089965999998,0.1492647345,0.030086177683994023,0.16611089965999998,0.1492647345,0.030086177683994023,0.16611089965999998,0.1492647345,0.030086177683994023,272848827.48,272940103.5,499597.7724615405,793309038.22,793309035.5,7.885119021999052,2.9075134946014627,2.9065316397158583,0.005330147972141194,381912.58,381992.5,4354.878906397719,155048.68,154024.5,3451.7918649860258,0.4059811782828004,0.40450154295098284,0.007828584304356538,126080842.14,126080841.0,3.338152980811866,10837.88,10811.5,75.07374333797108,8.595976847692433e-05,8.575053433691537e-05,5.954410078985538e-07,2037345.22,2037144.0,1756.5388891167545,260198.96,260541.5,1764.847787389344,-2149.34619140625,-2149.34619140625,0.0,133432448,133432448,0.0,0.8265276955688573,0.8939437867859151,0.13197166431395574,50,0.18112103266898907,0.18112103266898907,0.18112103266898907,0.0018310424020354689,9.93953004706894e-09,0.0018332324104558648,0.011402816074814082,0.022262633032322662,0.01928312129510414,2.647629032414921e-08,0.0069269768015489275,0.006926973146262002,0.000862170471588882,0.006782685785482555,0.0,0.0,0.15966998446812639
conv_malloc,conv_malloc_float_skip_kernel,float,skip_kernel,2048,2,3,inputs/float/matrix_n2048_d2.bin,inputs/float/kernel_k3.bin,0.11179917566,0.1107379675,0.02144774254571455,0.11179917566,0.1107379675,0.02144774254571455,0.11179917566,0.1107379675,0.02144774254571455,136711033.86,136841787.5,539659.9522464129,302371197.46,302371197.0,5.099859948513155,2.211788117629108,2.2096408019282956,0.008778801749560427,370661.16,368809.0,5386.581231322193,151639.76,150068.5,4558.112380343064,0.40919030886015173,0.40405998208790195,0.013709607408969038,51204673.54,51204672.0,3.902955445573105,10711.8,10706.0,76.70829984627554,0.00020919574834114607,0.0002090824633161704,1.4980715767829713e-06,1512466.56,1512204.5,1913.6267432948773,254716.56,257438.0,5848.644574041871,4186952.75,4186952.75,0.0,33488928,33488928,0.0,0.31059544184836324,0.3024312241174,0.05948548065457964,50,0.19184168773248134,0.19184168773248134,0.19184168773248134,0.00394744986567109,1.6866222680444964e-08,0.003969097075614425,0.01453235950408776,0.03005882085505189,0.03350423290121113,7.622264093773002e-08,0.007161102694810914,0.007161099537931289,0.0012652357373738414,0.02296138332757741,0.0,0.0,0.1915207779630624
conv_malloc,conv_malloc_float_skip_kernel,float,skip_kernel,2048,2,5,inputs/float/matrix_n2048_d2.bin,inputs/float/kernel_k5.bin,0.13296904119999997,0.1217842365,0.027011168147291386,0.13296904119999997,0.1217842365,0.027011168147291386,0.13296904119999997,0.1217842365,0.027011168147291386,199668129.94,199803317.5,452316.8219127412,514898459.46,514898457.0,6.562758247918901,2.5787844025928126,2.5770265577110445,0.005864884484800127,376118.5,375525.5,4016.851982204319,153809.48,152113.5,5273.533386368464,0.4089523378685617,0.40425960385741155,0.013723895910408035,84538316.04,84538316.0,2.8711087225583243,10796.62,10775.0,88.57025114424751,0.00012771274027327973,0.0001274569998233778,1.0476929270089553e-06,1776066.72,1776085.0,2342.4688270527326,258525.98,259652.5,2954.6166400038705,4178361.75,4178361.75,0.0,75202848,75202848,0.0,0.5857804136820105,0.6175462225617185,0.10249719428292456,50,0.20313877503759417,0.20313877503759417,0.20313877503759417,0.0022653431073284542,1.274573292528705e-08,0.0022742825956692378,0.01067975114812039,0.03428614014148194,0.03355866843049796,3.39622180456e-08,0.008203516576877533,0.008203511448952563,0.0013189081247199613,0.011428702987621865,0.0,0.0,0.1749754547760706
conv_malloc,conv_malloc_float_skip_kernel,float,skip_kernel,2048,2,7,inputs/float/matrix_n2048_d2.bin,inputs/float/kernel_k7.bin,0.17172320554000003,0.15999571299999998,0.0323340650724775,0.17172320554000003,0.15999571299999998,0.0323340650724775,0.17172320554000003,0.15999571299999998,0.0323340650724775,272797528.68,272846405.0,604288.2374949058,793309273.64,793309271.0,8.895676516723507,2.908065561368447,2.9075305976629426,0.006458546734630506,381236.08,382146.5,3849.610655319684,156109.06,154412.0,4979.595186439994,0.40949956383297914,0.40581467116029263,0.013043029588829814,126080878.66,126080878.0,3.611828643762512,10837.76,10835.5,67.79939196645063,8.595879180946833e-05,8.594086521318146e-05,5.377450967715115e-07,2037153.14,2036976.5,1591.5219389128283,260356.56,260836.0,1735.1708280307616,4170234.75,4170234.75,0.0,133432448,133432448,0.0,0.8019276232655996,0.8339754726175612,0.13661955684965607,50,0.1882917627282809,0.1882917627282809,0.1882917627282809,0.0022151529026634064,1.121337769809095e-08,0.0022209082286271807,0.010097708106010543,0.03189818186362786,0.03185114403235267,2.864691840784568e-08,0.006255849176070574,0.006255847545687341,0.0007812480601791323,0.006664594231966968,0.0,0.0,0.17036394917201583
gemm,gemm_double_full,double,full,512,-1,8,inputs/double/gemm_n512.bin,,0.23607002554,0.22831328550000002,0.03784743595005342,0.23607002554,0.22831328550000002,0.03784743595005342,0.23607002554,0.22831328550000002,0.03784743595005342,454558585.82,454543947.5,164509.89918762367,1157633073.68,1157633071.0,10.308387716999068,2.5467195172705064,2.546801202508888,0.0009215417713848869,4550480.46,4550167.5,2633.959518152255,35329.68,35134.5,1062.45396423678,0.007763865423535259,0.007723106142831535,0.00023057252241454482,170316327.4,170316327.0,2.8284271225814535,270823.26,270783.5,159.28549775769582,0.0015901191866548206,0.0015898856910864497,9.352263893739846e-07,33314473.64,33316887.5,13602.164882856736,40630.46,39833.0,2590.5501284003567,33593519.429333866,33593519.42933384,0.0,268435456,268435456,0.0,1.1633261556130765,1.1757329646946881,0.16894282819683729,50,0.16032292055494568,0.16032292055494568,0.16032292055494568,0.00036191132302749573,8.904710785628931e-09,0.0003618544426017382,0.0005788310797739927,0.030072561207369553,0.029698160624421814,1.6606905314125822e-08,0.0005881529443139257,0.0005881486100054219,0.00040829595658161316,0.06375881859079018,0.0,0.0,0.145223957513277
gemm,gemm_double_full,double,full,512,-1,16,inputs/double/gemm_n512.bin,,0.3067596415,0.305062348,0.03606538167815173,0.3067596415,0.305062348,0.03606538167815173,0.3067596415,0.305062348,0.03606538167815173,564932126.12,564952283.0,128156.99550330895,1040929094.48,1040929094.0,9.922639544998875,1.8425738223426398,1.842507985848076,0.0004180864189951375,1316692.9,1315444.0,5567.785377527049,12181.32,11951.0,812.5632016863019,0.009250643518116297,0.009084142656341434,0.000602091925121701,151730681.28,151730681.0,2.2318656902263347,562516.3,562499.5,82.77095270832429,0.0037073339106779403,0.0037072231950240186,5.454945002540269e-07,108319293.88,108320587.5,6017.2692248237145,30222.74,29339.0,2837.4892811808695,33593519.429333866,33593519.42933384,0.0,268435456,268435456,0.0,0.886664611625412,0.8799378749844645,0.1021227773160706,50,0.11756886108550146,0.11756886108550146,0.11756886108550146,0.0002268537928326039,9.532483622196924e-09,0.00022690348355409955,0.004228613503974275,0.06670567735568082,0.06508649089574955,1.4709389501176138e-08,0.0001471440964614257,0.0001471392956223561,5.555122277190859e-05,0.09388590449379737,0.0,0.0,0.11517633158817696
gemm,gemm_double_full,double,full,512,-1,32,inputs/double/gemm_n512.bin,,0.32583421305999993,0.32803156050000004,0.045651887943432695,0.32583421305999993,0.32803156050000004,0.045651887943432695,0.32583421305999993,0.32803156050000004,0.045651887943432695,638218949.68,637986197.5,765138.4032558756,989372347.96,989372347.0,12.414540517806396,1.5502105354730475,1.5507739222971944,0.0018561052337825134,910728.16,904388.5,35224.40909274505,14217.44,14036.0,682.4874420613384,0.015630445790776108,0.015525757478679635,0.0009035481500343101,142918625.9,142918625.0,2.69731537257669,206457.56,197883.0,38313.27157343251,0.0014445811995053267,0.0013845851042994777,0.00026807752652782446,141052790.84,141047895.5,25115.814843228407,34394.42,32620.5,4309.407611593169,33593519.429333866,33593519.42933384,0.0,268435456,268435456,0.0,0.8393763449660585,0.8183539964281197,0.11377679323309679,50,0.14010771770927027,0.14010771770927027,0.14010771770927027,0.00119886506603966,1.2547895181631163e-08,0.0011973246157923458,0.038677193305129656,0.048003539460081304,0.05780693411620512,1.8873084985185894e-08,0.18557456347654458,0.18557456418484697,0.00017805968030592146,0.1252938009012267,0.0,0.0,0.1355492013986855
gemm,gemm_double_full,double,full,512,-1,64,inputs/double/gemm_n512.bin,,0.35574901101999984,0.355299366,0.04295052127417212,0.35574901101999984,0.355299366,0.04295052127417212,0.35574901101999984,0.355299366,0.04295052127417212,715791974.34,715928453.5,14146294.989127623,965034746.8,965034746.0,11.747340127041085,1.348728163955187,1.3479491515584028,0.02699345191799053,43871186.64,44478885.0,11155964.037986211,36593.58,32713.0,15278.11491215391,0.0008481656440414717,0.0007988009297172835,0.00027969629034702405,138622041.68,138622042.0,1.8564834030119544,2134511.14,2134503.5,64.93293557550038,0.015398064507859664,0.015398009691662225,4.6838107676079827e-07,138607088.92,138598528.5,140706.56897851612,42110.42,39354.5,10725.727395703228,33593519.429333866,33593519.42933384,0.0,268435456,268435456,0.0,0.7647696251520371,0.755519328485282,0.08683126536670059,50,0.12073265123358976,0.12073265123358976,0.12073265123358976,0.019763137191041145,1.2172971145333982e-08,0.020014004778273035,0.2542890879503735,0.41750806868729184,0.32976611622027463,1.3392411340308533e-08,3.042051847782831e-05,3.0418178630289646e-05,0.0010151469890528318,0.2547048306738149,0.0,0.0,0.11353911362449631
gemm,gemm_double_full,double,full,512,-1,128,inputs/double/gemm_n512.bin,,0.40128029130000015,0.39650967400000003,0.04259695866762565,0.40128029130000015,0.39650967400000003,0.04259695866762565,0.40128029130000015,0.39650967400000003,0.04259695866762565,828522453.6,828436368.5,964085.9214220205,953193925.22,953193922.5,11.21822496149602,1.1504759854992874,1.1505940092388383,0.0013347703195084697,135893840.78,135893056.5,2540.7779564745056,73510.96,67506.0,21389.494523189438,0.000540941928534001,0.0004967605572168644,0.00015738379283804373,136499781.08,136499781.0,3.6018136004169574,1060822.5,1060799.0,106.78363590905526,0.007771605870754385,0.0077714336854084205,7.821515630721494e-07,136171376.88,136171530.5,2290.5620434932844,77931.46,69489.0,21733.70976927552,33593519.429333866,33593519.42933384,0.0,268435456,268435456,0.0,0.6760417231758801,0.6769962540287794,0.06843269976484255,50,0.10615263094438857,0.10615263094438857,0.10615263094438857,0.0011636207531045004,1.1769089861653095e-08,0.001160189640055113,1.869678523979463e-05,0.29097014272687277,0.290943971129336,2.6386955143217415e-08,0.0001006611717879808,0.0001006422065245862,1.6821171203341983e-05,0.27888236367284175,0.0,0.0,0.10122555667623934
gemm,gemm_double_full,double,full,1024,-1,8,inputs/double/gemm_n1024.bin,,1.8622837557800003,1.879251231,0.09176098498744133,1.8622837557800003,1.879251231,0.09176098498744133,1.8622837557800003,1.879251231,0.09176098498744133,4278485978.64,4315527038.0,166380400.799209,9252058334.04,9252058337.5,25.16878470095352,2.1657427335133304,2.1439043694505147,0.08618237755076079,36631446.82,36660090.0,239386.9186942916,4493157.82,4468123.0,2899189.594842428,0.12217967394396638,0.12198976313705923,0.07831276547409234,1361661050.68,1361661058.0,18.177626838910555,2183336.7,2187100.0,20673.906657910564,0.0016034362580257227,0.001606200014013447,1.51828426126521e-05,275100494.42,275276761.0,1002254.9458464115,4955456.98,5412491.0,2906492.2543643108,268618360.6432304,268618360.6432304,0.0,2147483648,2147483648,0.0,1.1559298989706304,1.142749553159146,0.05775483142998566,50,0.04927336379466409,0.04927336379466409,0.04927336379466409,0.038887681677548996,2.7203443593035935e-09,0.03979345109515997,0.006535011294273842,0.6452454400638943,0.6409639422512117,1.3349597412537303e-08,0.009468950280508984,0.009468940556044563,0.0036432320776430666,0.5865235569786564,0.0,0.0,0.049963956708289174
gemm,gemm_double_full,double,full,1024,-1,16,inputs/double/gemm_n1024.bin,,2.1439626205800004,2.1402297255,0.04604302027825369,2.1439626205800004,2.1402297255,0.04604302027825369,2.1439626205800004,2.1402297255,0.04604302027825369,4948638479.8,4948260233.5,74389457.4180279,8318627590.78,8318627591.0,12.16768898327895,1.6813660185940782,1.6811221666328937,0.025313321491485342,12779899.68,12780241.5,208919.20865804478,1772251.66,1808611.5,378257.87772557157,0.1382934553868864,0.14134393025469785,0.02767006382611084,1213000772.1,1213000773.0,7.312974186189202,4492311.16,4491883.5,3587.0833604893537,0.003703469332685901,0.003703116755589337,2.957194419214294e-06,866997606.42,867143719.0,583986.6850298621,6930100.16,6410598.0,1946396.0813635231,268618360.6432304,268618360.6432304,0.0,2147483648,2147483648,0.0,1.0020910628605209,1.003389355575414,0.021333097819074727,50,0.021475663724863727,0.021475663724863727,0.021475663724863727,0.015032307920992917,1.4627038956239705e-09,0.01505521178110391,0.01634748424394868,0.21343350172151712,0.20008223634807407,6.0288289623498444e-09,0.0007984939672988622,0.0007984930219658713,0.0006735735839470833,0.28086117609063865,0.0,0.0,0.021288582055784724
gemm,gemm_double_full,double,full,1024,-1,32,inputs/double/gemm_n1024.bin,,2.33001267668,2.3219573855,0.03454484305579824,2.33001267668,2.3219573855,0.03454484305579824,2.33001267668,2.3219573855,0.03454484305579824,5393203447.38,5393439899.0,20498163.72920508,7906225178.5,7906225176.0,9.85455439089638,1.4659816384731257,1.4658966181706758,0.005577872820464358,54681993.62,54658100.5,122197.93257175856,569600.22,537124.5,120918.83665691137,0.010414593513672101,0.00983792769354451,0.0022004886885781663,1142510651.94,1142510651.5,12.479223563078234,2286546.64,2406034.0,256372.3921269375,0.0020013350736224995,0.0021059182258511312,0.00022439387271055958,1134504899.5,1134522990.5,46382.77019089798,2091602.34,2110440.5,382632.32652287843,268618360.6432304,268618360.6432304,0.0,2147483648,2147483648,0.0,0.9218562120731374,0.9248592106646643,0.013384514383778237,50,0.014826032236451464,0.014826032236451464,0.014826032236451464,0.003800739936699962,1.2464297649521318e-09,0.003804872226281033,0.0022347014891400106,0.2122872014637062,0.21128896540123263,1.0922632136416696e-08,0.11212209173521932,0.11212209073236165,4.088371078109917e-05,0.18293741559061288,0.0,0.0,0.014519091164638535
gemm,gemm_double_full,double,full,1024,-1,64,inputs/double/gemm_n1024.bin,,2.9483159802399994,2.9426634205,0.04428598571109383,2.9483159802399994,2.9426634205,0.04428598571109383,2.9483159802399994,2.9426634205,0.04428598571109383,6832867372.16,6832419990.0,5942216.818514032,7711537966.62,7711537966.5,13.779443063790305,1.128595545838485,1.1286686089453208,0.000981374051283086,1088125623.64,1088358314.5,1318817.0242374807,1785788.9,1785095.5,138763.11115567433,0.0016411559792626604,0.0016402514365410521,0.000127421562838718,1108139707.8,1108139706.0,7.695744928370981,17047423.78,17047412.0,114.04300835752069,0.015383821787096066,0.015383811098360855,1.0290102356390659e-07,1102651394.38,1102578629.0,196955.2833504713,1896353.36,1890810.5,127250.015124294,268618360.6432304,268618360.6432304,0.0,2147483648,2147483648,0.0,0.7285365805952871,0.7297754974302725,0.010885860031866956,50,0.015020773216949716,0.015020773216949716,0.015020773216949716,0.0008696520062316948,1.786860561853642e-09,0.0008695533620540549,0.001212008058247697,0.07770409545925296,0.07764134820138549,6.944742503316134e-09,6.68975030064752e-06,6.6889115713898784e-06,0.0001786197200260337,0.06710248090276487,0.0,0.0,0.014942091202849582
gemm,gemm_double_full,double,full,1024,-1,128,inputs/double/gemm_n1024.bin,,2.83784334576,2.8220086870000003,0.04283290144190771,2.83784334576,2.8220086870000003,0.04283290144190771,2.83784334576,2.8220086870000003,0.04283290144190771,6600045428.28,6600409782.0,1891723.3071661186,7616814696.16,7616814694.0,11.813793503260227,1.1540549822256252,1.1539911829402725,0.00033079762403685856,1081936968.94,1081934156.5,13428.75416198093,1225710.54,1193207.0,78999.8381918286,0.0011328852796597783,0.0011028435119175663,7.301587163962375e-05,1091161879.12,1091161878.0,6.492193012397032,8457961.78,8457944.5,87.76389709125988,0.007751335472625851,0.007751319644251734,8.042595425646842e-08,1089450440.12,1089450341.0,6236.9799096560755,1357284.0,1377792.5,81478.7748505269,268618360.6432304,268618360.6432304,0.0,2147483648,2147483648,0.0,0.756898115913949,0.7609769828228827,0.011308260172160838,50,0.015093469308622697,0.015093469308622697,0.015093469308622697,0.00028662277066464223,1.5510149550068646e-09,0.0002866393968499722,1.2411771246838351e-05,0.06445227940344594,0.06445124934587504,5.949798225752586e-09,1.0376483055148055e-05,1.0375754544555048e-05,5.724886309623309e-06,0.06003074879725017,0.0,0.0,0.014940267302034696
gemm,gemm_double_full,double,full,2048,-1,8,inputs/double/gemm_n2048.bin,,17.15158713662,17.1524588635,0.05773256916086276,17.15158713662,17.1524588635,0.05773256916086276,17.15158713662,17.1524588635,0.05773256916086276,40580193077.46,40594023352.5,131742219.18418278,73984618894.58,73984618891.5,26.906555492189455,1.8231895255546238,1.8225495482420468,0.005918112702976996,362390592.22,361090223.0,9645202.542062761,281436451.74,281409674.5,379974.4507985161,0.7771474080846907,0.7799451355440727,0.02061214580611431,10890722633.36,10890722636.0,27.81921225244097,17314269.26,17319348.0,25880.265848719104,0.001589818218943819,0.0015902845541947875,2.376357635352328e-06,2266779482.4,2267258940.5,1439673.8150082815,459264163.68,459241738.5,2249622.8812320987,2147955737.923782,2147955737.9237804,0.0,17179869184,17179869184,0.0,1.001660065946503,1.0015980578292083,0.003370923529695571,50,0.003366019057070184,0.003366019057070184,0.003366019057070184,0.003246466051374165,3.636776926637732e-10,0.0032460216669886115,0.026615488230465303,0.0013501252181417802,0.026522826418367302,2.5543954417888063e-09,0.0014947362467388995,0.0014947354402134346,0.000635118601604774,0.004898320093617322,0.0,0.0,0.0033653368485947075
gemm,gemm_double_full,double,full,2048,-1,16,inputs/double/gemm_n2048.bin,,18.68090104372,18.672819654999998,0.04176988224164751,18.68090104372,18.672819654999998,0.04176988224164751,18.68090104372,18.672819654999998,0.04176988224164751,44234114615.3,44220210651.0,90447299.58618763,66517968613.4,66517968605.0,54.41975636291332,1.5037769245245713,1.5042435941439987,0.003071158051145659,403330117.58,403533364.5,1862161.92108827,69251110.32,69884137.0,1017247.8068280178,0.17169681704309894,0.17302052344534963,0.00228193696119989,9701539324.86,9701539310.5,62.267366398419895,35917375.5,35917467.0,4192.12608009782,0.003702234696710914,0.00370224406709207,4.3211124070888825e-07,7010583449.32,7010611968.5,946637.5753908493,366640302.16,367932345.5,2067714.2737887816,2147955737.923782,2147955737.9237804,0.0,17179869184,17179869184,0.0,0.9196533549849027,0.920046872447401,0.0020553641197946664,50,0.002235967212924635,0.002235967212924635,0.002235967212924635,0.0020447408153819605,8.181211407582055e-10,0.0020422963014388755,0.004616967193675817,0.01468926349523428,0.013290502412907768,6.418297582823894e-09,0.00011671582407511428,0.00011671632840910336,0.00013502978492933702,0.005639626253871134,0.0,0.0,0.0022349335308284803
gemm,gemm_double_full,double,full,2048,-1,32,inputs/double/gemm_n2048.bin,,25.51199702312,25.5250105605,0.06361090900913272,25.51199702312,25.5250105605,0.06361090900913272,25.51199702312,25.5250105605,0.06361090900913272,60522275116.44,60548566138.5,150263169.45424655,63218952653.04,63218952164.5,3536.4826807367226,1.0445630912937487,1.0441032306682212,0.002595016483919869,8234723511.84,8262059312.5,43953338.23436603,32921388.92,32923169.5,289576.4441953255,0.003998008079863418,0.0040018487636301475,4.326342575468353e-05,9137644721.18,9137644723.0,71.93015035306068,22665014.16,19095971.5,8859173.597717095,0.002480400021468945,0.0020898132944473674,0.0009695248471408751,9148857658.66,9148619031.5,1122308.2423995042,118714833.58,118877946.0,843877.6740564606,2147955737.923782,2147955737.9237804,0.0,17179869184,17179869184,0.0,0.6734076462972887,0.6730602218148918,0.0016792812384087165,50,0.002493372390702537,0.002493372390702537,0.002493372390702537,0.0024827746340525415,5.5940228876390034e-08,0.002484308038019799,0.005337560899424165,0.008795997182834699,0.010821245202726433,7.87184800327539e-09,0.39087439059941426,0.39087439072295366,0.00012267195362222793,0.007108443389997975,0.0,0.0,0.0024937068173226024
gemm,gemm_double_full,double,full,2048,-1,64,inputs/double/gemm_n2048.bin,,23.10834355302,23.098645462,0.07493775791980718,23.10834355302,23.098645462,0.07493775791980718,23.10834355302,23.098645462,0.07493775791980718,54818309120.7,54779250024.0,149534639.71484193,61661504055.14,61661504046.5,74.01737657666874,1.124842307904302,1.1256361475106216,0.0030659269238262413,8664070853.74,8664039724.5,265819.50628516,20981642.34,20959333.5,75049.26597327118,0.0024216839193663556,0.0024191170550951456,8.618973267889075e-06,8862681576.72,8862681576.0,56.5422147325293,136350256.16,136350298.5,257.36445689071917,0.015384763062926321,0.015384767698299242,2.900489843750196e-08,8821455909.16,8821455927.5,165563.3342566381,21439324.1,21422719.5,47861.58061226203,2147955737.923782,2147955737.9237804,0.0,17179869184,17179869184,0.0,0.7434564106795378,0.7437609072403423,0.0024097728135027796,50,0.003242887476892028,0.003242887476892028,0.003242887476892028,0.0027278229137931583,1.2003822759574542e-09,0.0027256504332046167,3.068067087313977e-05,0.003576901405386895,0.0035590826692792625,6.3798088922715285e-09,1.8875245572602023e-06,1.885300301269961e-06,1.876825503199771e-05,0.002232420219453748,0.0,0.0,0.0032413101546870608
gemm,gemm_double_full,double,full,2048,-1,128,inputs/double/gemm_n2048.bin,,22.45105263391999,22.450284383499998,0.02599891760371069,22.45105263391999,22.450284383499998,0.02599891760371069,22.45105263391999,22.450284383499998,0.02599891760371069,53272125081.6,53272591812.5,22635752.769672856,60903731176.68,60903731175.5,35.219682346188186,1.1432572261724703,1.1432470077737302,0.0004857956986759304,8633222335.32,8633230725.5,64388.01447951947,11632817.06,11607525.0,87960.99960996388,0.0013474478797376554,0.0013445092611482417,1.0189805128438036e-05,8726860546.86,8726860545.0,37.05374493032519,67636960.38,67636935.5,308.98642002045295,0.0077504344221859065,0.007750431553775415,3.5402706395249e-08,8716595985.98,8716594139.5,109279.02662317659,12131129.38,12087770.5,89538.16927511072,2147955737.923782,2147955737.9237804,0.0,17179869184,17179869184,0.0,0.7652154233784165,0.7652406049360936,0.0008855388697062317,50,0.0011580266648357697,0.0011580266648357697,0.0011580266648357697,0.000424908012117038,5.782844772517613e-10,0.00042492248249532944,7.458167064237071e-06,0.00756145301316755,0.0075623000204074415,4.245942138224891e-09,4.568307302464454e-06,4.567835100172893e-06,1.2536892474877099e-05,0.007380860138440854,0.0,0.0,0.0011572412717409544
gemm,gemm_double_skip_k,double,skip_k,512,-1,8,inputs/double/gemm_n512.bin,,0.17211484814000003,0.16668587499999998,0.03608430509713014,0.17211484814000003,0.16668587499999998,0.03608430509713014,0.17211484814000003,0.16668587499999998,0.03608430509713014,303138367.86,302649252.0,1018120.2892264941,882119796.58,882119794.5,9.45254520052225,2.9099896836839823,2.914660414130469,0.009748506990635248,4200641.1,4200617.0,2065.9083612645777,46736.86,46689.5,537.3992932709933,0.01112610654677192,0.011114758698520529,0.00012610225578537675,86430227.72,86430226.0,4.5312520212779805,8434.08,8394.0,136.08653309492405,9.758252664807109e-05,9.711880137331508e-05,1.5745245456412263e-06,13950980.36,13952216.5,16946.527440037007,48825.76,48502.0,1225.2546350927746,33650558.40285062,33650558.40285061,0.0,201326592,201326592,0.0,1.2181768309884002,1.2078203958644136,0.23877415537062158,50,0.20965248197400604,0.20965248197400604,0.20965248197400604,0.0033585992311494467,1.071571598004035e-08,0.003350014278502134,0.0004918078721994549,0.011498403899427419,0.011333906902227492,5.242670464733077e-08,0.016135314473531677,0.01613531233229602,0.0012147194679325752,0.025094430380454388,0.0,0.0,0.196009437461461
gemm,gemm_double_skip_k,double,skip_k,512,-1,16,inputs/double/gemm_n512.bin,,0.14760023294,0.134577903,0.03100650123643035,0.14760023294,0.134577903,0.03100650123643035,0.14760023294,0.134577903,0.03100650123643035,252049651.86,252432108.0,718175.2516989856,660984112.16,660984108.5,8.999682503234167,2.6224569953520382,2.618463250015334,0.0074743546632378925,674811.24,674538.5,2655.9097796331334,11418.74,11326.0,644.1484747719428,0.016919505191448882,0.0168052689765376,0.0009090590275297733,59455954.9,59455954.0,2.830230394277883,38223.82,38301.0,219.88073669002233,0.0006428930468403277,0.0006441911170561542,3.698207615572437e-06,17345728.08,17336020.0,19418.66638986273,16300.38,15574.5,2546.043540436007,33650558.40285062,33650558.40285061,0.0,201326592,201326592,0.0,1.4227697841711051,1.4962318097072056,0.2876110551050742,50,0.21007081505782313,0.21007081505782313,0.21007081505782313,0.0028493403835284535,1.3615580673829683e-08,0.002850134311634169,0.00393578177451984,0.05641151955223981,0.05372846411544067,4.760213504329544e-08,0.005752453226548847,0.0057524461242010345,0.0011195071374520667,0.15619534884683714,0.0,0.0,0.20214869496447327
gemm,gemm_double_skip_k,double,skip_k,512,-1,32,inputs/double/gemm_n512.bin,,0.16470914118000002,0.16705127199999997,0.03366748270225821,0.16470914118000002,0.16705127199999997,0.03366748270225821,0.16470914118000002,0.16705127199999997,0.03366748270225821,289365861.38,289275686.0,710586.3091609154,562950021.08,562950020.5,9.198136445985504,1.9454725759731248,1.9460675710045385,0.004777113781941743,522084.06,517067.0,25189.426724532892,15829.22,15487.5,1255.8395239026038,0.030308411839309435,0.03009811044435997,0.0015496806969441774,46449591.84,46449590.0,4.1520095948822755,139588.4,139627.5,141.01092735194047,0.0030051588070092866,0.0030060006664650125,3.0357831809722737e-06,53546438.28,53478732.5,83679.6071541397,27980.42,27297.0,1971.9329074358918,33650558.40285062,33650558.40285061,0.0,201326592,201326592,0.0,1.2721255647934546,1.2051914411201667,0.25140905113729506,50,0.2044056720899612,0.2044056720899612,0.2044056720899612,0.0024556673885858353,1.633917062182394e-08,0.002455503018104602,0.04824783718647317,0.07933679132026744,0.051130382718842134,8.938742904747719e-08,0.0010101908708169194,0.0010101906008732578,0.0015627483328876173,0.07047545774637735,0.0,0.0,0.19762911625639284
gemm,gemm_double_skip_k,double,skip_k,512,-1,64,inputs/double/gemm_n512.bin,,0.19171822646000003,0.1959025355,0.03259826747235847,0.19171822646000003,0.1959025355,0.03259826747235847,0.19171822646000003,0.1959025355,0.03259826747235847,347794145.48,348250092.5,5057586.07609796,516582579.76,516582581.0,8.772777929016916,1.4856231106818174,1.483366784340813,0.02188485536125646,13484470.76,13318085.0,2707411.7742418973,9279.5,9034.0,899.8778885413924,0.0007195886372789195,0.0006817989757456021,0.00018271506648074844,40055852.64,40055852.0,2.890942928277992,39398.12,39396.5,1576.5313079345938,0.0009835796116316935,0.0009835390612922253,3.9358316050174826e-05,71404072.42,71395521.0,85646.45483282268,21242.46,20636.5,2465.1235280552223,33650558.40285062,33650558.40285061,0.0,201326592,201326592,0.0,1.0800350360353719,1.0276880176452483,0.18151991719034669,50,0.17003217729619335,0.17003217729619335,0.17003217729619335,0.014541895376409656,1.698233404055684e-08,0.014731095123589283,0.20077998035140515,0.09697482499503124,0.2539159973004498,7.217279717548891e-08,0.040015394336952975,0.04001538419943657,0.0011994617663968624,0.11604698928726816,0.0,0.0,0.16806854512486555
gemm,gemm_double_skip_k,double,skip_k,512,-1,128,inputs/double/gemm_n512.bin,,0.2242289417,0.21754560550000002,0.036331844929220494,0.2242289417,0.21754560550000002,0.036331844929220494,0.2242289417,0.21754560550000002,0.036331844929220494,418567837.54,418455433.0,728583.107322075,494000817.74,494000816.5,10.143480865113693,1.1802203597001115,1.1805338936371288,0.002053251588287415,68076448.88,68084925.0,96487.75505702518,53687.16,49795.5,10630.123345532002,0.0007886140421488731,0.0007313166435476504,0.00015601436240515268,36885011.68,36885011.0,2.298535466942078,12867.84,12923.0,281.3042771209328,0.0003488636551957232,0.000350359115367806,7.626515589335608e-06,69304817.08,69292913.5,42583.06509076004,53622.26,51972.0,6153.038910081716,33650558.40285062,33650558.40285061,0.0,201326592,201326592,0.0,0.9193770589225878,0.9255389758696957,0.13720291148146987,50,0.16203013158680263,0.16203013158680263,0.16203013158680263,0.0017406571694664637,2.0533328085404828e-08,0.0017397188342091784,0.0014173441277336085,0.19800122311427912,0.19783360942956754,6.231624614581329e-08,0.021861033174249353,0.021861020704655804,0.0006144315342699126,0.1147478474439853,0.0,0.0,0.1492346476887917
gemm,gemm_double_skip_k,double,skip_k,1024,-1,8,inputs/double/gemm_n1024.bin,,1.2838769761,1.281833389,0.08598451197962516,1.2838769761,1.281833389,0.08598451197962516,1.2838769761,1.281833389,0.08598451197962516,2903510363.04,2942267793.0,171374908.1335931,7047951674.56,7047951674.0,23.581521647391963,2.4358813595167037,2.3954276744218865,0.14727279307672658,34121108.7,34105260.0,73408.48715855803,9847286.72,10603362.0,5282433.24003002,0.2886282462074391,0.31063361774190434,0.15492303806309848,690572247.34,690572251.5,17.653825421695874,34069.86,34302.5,2678.6606233530283,4.933569240801208e-05,4.967257141295374e-05,3.87889962762152e-06,127241835.46,127245939.0,269670.147133778,7621853.74,7938070.5,4119304.618116766,268731897.7824129,268731897.78241277,0.0,1610612736,1610612736,0.0,1.259990669138594,1.2564920793123495,0.08420758839437383,50,0.06697254766638007,0.06697254766638007,0.06697254766638007,0.05902334991295231,3.3458688050474104e-09,0.06045975617874368,0.002151409785771645,0.5364354050239353,0.5367563296343291,2.5564052841243265e-08,0.07862258968346299,0.07862258414339371,0.0021193512822168625,0.5404596780043651,0.0,0.0,0.06683191428071704
gemm,gemm_double_skip_k,double,skip_k,1024,-1,16,inputs/double/gemm_n1024.bin,,0.9772834532800003,0.9797351025000001,0.037513808623952156,0.9772834532800003,0.9797351025000001,0.037513808623952156,0.9772834532800003,0.9797351025000001,0.037513808623952156,2160621369.44,2164124928.0,32626976.45518845,5279067721.58,5279067720.0,10.107766187901362,2.4438668164033106,2.4393544504269533,0.037641877732530526,7265043.54,7271063.0,103369.53650665366,863606.2,904966.0,237041.1703918429,0.11858663348939288,0.1252189495346174,0.031511389141897585,474802961.4,474802961.0,4.989785478450909,285256.62,284844.5,3478.742165889096,0.0006007894709936061,0.0005999214916437006,7.326707969165131e-06,138615575.24,138582908.5,120000.33471000874,1505948.66,1386301.5,486280.745021807,268731897.7824129,268731897.78241277,0.0,1610612736,1610612736,0.0,1.6504049955767264,1.6439267989019262,0.06264295902540276,50,0.03838580147657951,0.03838580147657951,0.03838580147657951,0.015100737647357835,1.9146877291576317e-09,0.015402589650089385,0.014228343703312983,0.2744783101277445,0.26572462860846924,1.0509170927953081e-08,0.01219513210907812,0.012195133774644838,0.0008657059966186288,0.32290658900802566,0.0,0.0,0.03795611331357639
gemm,gemm_double_skip_k,double,skip_k,1024,-1,32,inputs/double/gemm_n1024.bin,,1.14609151488,1.1478184205000002,0.03710517947713477,1.14609151488,1.1478184205000002,0.03710517947713477,1.14609151488,1.1478184205000002,0.03710517947713477,2562305917.58,2563682179.5,21798152.911907777,4494846744.84,4494846744.0,14.301933749898803,1.7543439768636164,1.7532779675730814,0.014943561595237539,19560650.48,19792470.0,388017.29658187146,333894.68,326224.5,63994.337642829705,0.01706779473090396,0.016796269435430455,0.0032383288218805093,370758396.88,370758397.0,6.32662016005049,1094918.5,1093200.0,3873.399520697435,0.0029531859809863964,0.002948550882114294,1.0447232669545521e-05,436653828.92,436432540.0,516619.166917185,1152820.54,1114223.5,225955.4424882246,268731897.7824129,268731897.78241277,0.0,1610612736,1610612736,0.0,1.406735956835452,1.4031950687905494,0.04500365558534332,50,0.03237540719513993,0.03237540719513993,0.03237540719513993,0.00850724059229247,3.1818512536199716e-09,0.008518033972991636,0.019836625421971725,0.19166024940208604,0.1897332885083859,1.7063996967540482e-08,0.003537614462352618,0.0035376142026978035,0.0011831321122156829,0.1960022697793228,0.0,0.0,0.031991544231642514
gemm,gemm_double_skip_k,double,skip_k,1024,-1,64,inputs/double/gemm_n1024.bin,,1.603338370959999,1.5955280155,0.03969082242531261,1.603338370959999,1.5955280155,0.03969082242531261,1.603338370959999,1.5955280155,0.03969082242531261,3654985808.68,3656059763.0,5595735.034616821,4123920865.46,4123920864.5,12.901842883825804,1.1283026986957834,1.1279686734662098,0.0017298500322124107,515018880.06,516203270.0,3105904.1495058686,327608.36,323118.0,31151.164810507937,0.0006360618884327657,0.0006274147900055969,5.9798160627160714e-05,319610199.38,319610198.0,4.767620388487349,286849.96,287024.0,3777.305993667443,0.0008974993932136808,0.0008980439410011813,1.1818479706328572e-05,573192294.42,573179106.5,95738.63000689921,992254.76,973442.5,104289.20777310197,268731897.7824129,268731897.78241277,0.0,1610612736,1610612736,0.0,1.005132567281426,1.0094587528327001,0.024553866352112052,50,0.024755112922013912,0.024755112922013912,0.024755112922013912,0.0015309868020083296,3.128537938709131e-09,0.0015331435741596311,0.006030660757803731,0.0950865991652592,0.09401311682814592,1.4916984494662184e-08,0.0131682291106732,0.013168231416859326,0.0001670270709130431,0.10510325772899488,0.0,0.0,0.02442848550666575
gemm,gemm_double_skip_k,double,skip_k,1024,-1,128,inputs/double/gemm_n1024.bin,,1.4671064213999998,1.4614426594999999,0.037831295113425964,1.4671064213999998,1.4614426594999999,0.037831295113425964,1.4671064213999998,1.4614426594999999,0.037831295113425964,3341357780.12,3341156042.5,3486575.509041922,3943270147.84,3943270146.5,10.566330820900568,1.180141312119369,1.1802113075217497,0.001231269030233306,542135683.0,542116726.0,55936.64518516638,674447.8,639272.0,66284.69102504523,0.001244056715277913,0.0011792065797605637,0.0001222610691458093,294243754.24,294243753.0,5.089244369416953,74582.84,74562.5,668.6207356665404,0.00025347297580350427,0.0002534038462077818,2.272335729221701e-06,554467299.52,554466414.0,61322.16680553052,798244.74,762083.0,88979.71301113119,268731897.7824129,268731897.78241277,0.0,1610612736,1610612736,0.0,1.0985198619466026,1.102070461977367,0.027866874604795453,50,0.025786333262262668,0.025786333262262668,0.025786333262262668,0.0010434606942680371,2.679585832253586e-09,0.0010433233864359165,0.00010317831299284976,0.09827994253231344,0.09827612169473889,1.7296014940272646e-08,0.00896480659179163,0.008964804717419844,0.00011059654349069254,0.11146921307759722,0.0,0.0,0.025367656580568974
gemm,gemm_double_skip_k,double,skip_k,2048,-1,8,inputs/double/gemm_n2048.bin,,11.501231737620003,11.518631351,0.07804288334759694,11.501231737620003,11.518631351,0.07804288334759694,11.501231737620003,11.518631351,0.07804288334759694,27085732184.9,27094736949.0,185153585.94642726,56351763854.96,56351763853.5,24.419762477727208,2.080592497220904,2.0798048250882424,0.014370811112910048,292505578.48,291608004.5,6522546.596176962,266728119.56,267198960.5,3523463.131873765,0.9122818300368881,0.914802022222986,0.02230535370315299,5522012010.28,5522012008.5,19.64692427254224,247813.38,259032.0,55779.15605785123,4.4877370700390385e-05,4.690898878693775e-05,1.0101237724299346e-05,1046042599.12,1046053820.5,322214.5195668853,267730771.8,267717426.0,132609.80768343192,2149160721.6887045,2149160721.688703,0.0,12884901888,12884901888,0.0,1.1203573241996527,1.1186140987248105,0.007680000587372742,50,0.006785610891772769,0.006785610891772769,0.006785610891772769,0.006835834626233525,4.3334513078560566e-10,0.006907076292981676,0.02229887932418677,0.013209942535065819,0.02445006901239179,3.557928565886263e-09,0.22508532855591262,0.22508532845511547,0.00030803192894625266,0.0004953102954579087,0.0,0.0,0.006854956379973762
gemm,gemm_double_skip_k,double,skip_k,2048,-1,16,inputs/double/gemm_n2048.bin,,8.173928884979999,8.171225071,0.034016599360399365,8.173928884979999,8.171225071,0.034016599360399365,8.173928884979999,8.171225071,0.034016599360399365,19182700718.5,19176151987.5,50233628.93305394,42201488592.48,42201488591.0,21.68253013344292,2.1999911521853392,2.200727723599403,0.005754023895235255,151435051.78,150732769.5,2649286.4367910395,38831147.58,38803501.5,210773.98807351023,0.25649997051384,0.258205284376572,0.004802705924523478,3795956502.84,3795956498.5,29.816007369804723,2229912.16,2235446.5,11549.268872274259,0.0005874440759036824,0.0005889020372586043,3.0425177935116678e-06,1109196730.86,1109244661.0,426421.50473370164,117247933.04,117117828.0,664076.2467506019,2149160721.6887045,2149160721.688703,0.0,12884901888,12884901888,0.0,1.5763680376903977,1.5768629465163806,0.006549949800672517,50,0.004161597175491282,0.004161597175491282,0.004161597175491282,0.002618694294938778,5.137859079527016e-10,0.0026154759256734068,0.017494539115289094,0.005427961860752977,0.018724001858176968,7.854675718095675e-09,0.005179248348631929,0.005179246703324522,0.00038444172514201497,0.005663863144811664,0.0,0.0,0.004155089194950388
gemm,gemm_double_skip_k,double,skip_k,2048,-1,32,inputs/double/gemm_n2048.bin,,11.009698566739996,11.041312390000002,0.09545690391311931,11.009698566739996,11.041312390000002,0.09545690391311931,11.009698566739996,11.041312390000002,0.09545690391311931,25935330537.32,25945077038.0,221831594.61811256,35927922955.16,35927922955.0,48.387617785256786,1.3853886811490261,1.384768404400438,0.011916346547064683,1973042956.28,2045757471.0,119560006.34312752,10406194.02,10644757.0,604594.8360955183,0.005279359755142259,0.005286866241457214,0.00021030767966453715,2963625353.54,2963625359.0,52.55054322244715,8708014.36,8708254.5,4968.075769082815,0.002938297969948269,0.00293837902391233,1.6763470694459473e-06,3095546730.62,3063681881.0,51932820.45301173,51977685.84,53530852.5,2811567.824594977,2149160721.6887045,2149160721.688703,0.0,12884901888,12884901888,0.0,1.170409502679608,1.1669720370238545,0.010197749219701784,50,0.008670255896150695,0.008670255896150695,0.008670255896150695,0.008553258818078488,1.3467969703021005e-09,0.008601446445470737,0.06059675789753076,0.0580995160126294,0.039835830369334274,1.7731844262864207e-08,0.0005705176362482268,0.0005705163623944717,0.016776622991767992,0.054091823811657724,0.0,0.0,0.008712975412754616
gemm,gemm_double_skip_k,double,skip_k,2048,-1,64,inputs/double/gemm_n2048.bin,,12.443435946779998,12.443337436,0.04195151908485107,12.443435946779998,12.443337436,0.04195151908485107,12.443435946779998,12.443337436,0.04195151908485107,29376552062.3,29373860253.0,61198935.39776924,32960567084.28,32960567074.5,38.37571353045408,1.1220073437147888,1.1221054022452126,0.002335358727683328,4306593837.6,4306614780.5,692299.6560234387,5643874.24,5643818.5,100805.04411406812,0.0013105174366006662,0.0013105300945635422,2.3301400299891307e-05,2554445524.24,2554445510.0,61.39885002259111,2200225.4,2200145.5,4948.494262842747,0.0008613318934115814,0.0008613006209222118,1.9372106053481417e-06,4561005945.76,4561011061.0,138558.87534684394,18973156.62,18959935.0,143263.71926623708,2149160721.6887045,2149160721.688703,0.0,12884901888,12884901888,0.0,1.035489321696501,1.0354860185433896,0.0034821941980973737,50,0.003371377428571641,0.003371377428571641,0.003371377428571641,0.002083257942184034,1.1642916650167934e-09,0.0020814112677296076,0.00016075341258771846,0.017860965681983042,0.017780305434418713,2.4036077277811017e-08,0.0022490851450232088,0.00224908728002071,3.0379016601732553e-05,0.007550863682599858,0.0,0.0,0.003362848969212253
gemm,gemm_double_skip_k,double,skip_k,2048,-1,128,inputs/double/gemm_n2048.bin,,11.294740483080002,11.296272074,0.03171434303112726,11.294740483080002,11.296272074,0.03171434303112726,11.294740483080002,11.296272074,0.03171434303112726,26638357568.9,26645391044.0,33401866.311662853,31515374675.92,31515374672.5,19.125621109104387,1.1830843247580067,1.1827702069864703,0.0014847394072646709,4322760433.98,4326573772.5,8652322.996772798,6231766.34,6303967.0,168013.34129723647,0.0014416302019933688,0.0014598595334905664,3.9243896081571104e-05,2351515499.2,2351515499.0,20.532701675852213,559586.3,559552.5,1371.1174833183395,0.00023796836558871587,0.00023795399098878984,5.830784290702989e-07,4437819466.52,4437715959.0,501821.4368335305,6707464.02,6748847.5,141278.0248753252,2149160721.6887045,2149160721.688703,0.0,12884901888,12884901888,0.0,1.1407965898392376,1.1406331478548162,0.003202656619365672,50,0.0028078859428985275,0.0028078859428985275,0.0028078859428985275,0.0012539011170365538,6.068663725491968e-10,0.0012549734420396162,0.0020015735613658644,0.026960789626980217,0.027221888128667004,8.731688854629096e-09,0.0024502341878604593,0.002450235045434744,0.00011307838018634931,0.02106280771004795,0.0,0.0,0.002807386214063801
gemm,gemm_float_full,float,full,512,-1,8,inputs/float/gemm_n512.bin,,0.22921351471999996,0.220077103,0.03953886217626048,0.22921351471999996,0.220077103,0.03953886217626048,0.22921351471999996,0.220077103,0.03953886217626048,441046854.06,441047059.0,105952.15700328535,1156484614.44,1156484612.5,10.932370975027338,2.622135651107927,2.6221342723247103,0.0006298542076560271,3212388.94,3211971.0,3350.777043052003,1827.44,717.5,2807.164239540519,0.0005688145707818128,0.0002235594357835701,0.0008736199272959162,170216858.22,170216857.5,3.0053693439001044,270545.44,270517.0,140.17687951663532,0.0015894162471819836,0.0015892491775947417,8.235094070331601e-07,6735569.24,6738939.0,14142.981492324672,1939.96,457.0,3379.737949991426,33593276.0,33593276.0,0.0,268435456,268435456,0.0,1.2018967022098246,1.2197365233250996,0.18493129687639248,50,0.17249795338010462,0.17249795338010462,0.17249795338010462,0.00024022880115333873,9.453105418372622e-09,0.0002402065687905566,0.001043079498042352,1.536118416769097,1.5358606691371508,1.7656120406215923e-08,0.0005181269346718071,0.0005181206675678777,0.0020997455431583795,1.7421688849210426,0.0,0.0,0.1538662154046809
gemm,gemm_float_full,float,full,512,-1,16,inputs/float/gemm_n512.bin,,0.2401639116200001,0.243275926,0.04048299117171981,0.2401639116200001,0.243275926,0.04048299117171981,0.2401639116200001,0.243275926,0.04048299117171981,433054904.34,433054392.0,44044.666686607765,1039780664.32,1039780664.0,11.156475207280991,2.401036599375486,2.401039430011793,0.00024417212132848444,923704.88,923678.5,1453.827806663704,1175.46,641.5,1208.159761195277,0.0012722311730618495,0.0006933503218287918,0.0013068695454620375,151631206.66,151631206.0,2.343989274344291,562241.46,562227.0,71.27790108913636,0.0037079534772863506,0.003707858142696096,4.7007790851164964e-07,21401833.34,21401475.5,3668.437929313014,937.36,501.5,1315.5688885072357,33593276.0,33593276.0,0.0,268435456,268435456,0.0,1.148776210677455,1.1034206481625202,0.19070158981588112,50,0.16856400655138443,0.16856400655138443,0.16856400655138443,0.00010170688807631521,1.072964288538405e-08,0.00010169446038098463,0.0015739094142965921,1.0278186932735074,1.0272264767077075,1.545848856561682e-08,0.00012677453756102647,0.00012677556808390005,0.0001714076486361899,1.403483067879188,0.0,0.0,0.16600412512322202
gemm,gemm_float_full,float,full,512,-1,32,inputs/float/gemm_n512.bin,,0.284070313,0.276359708,0.040144669231821334,0.284070313,0.276359708,0.040144669231821334,0.284070313,0.276359708,0.040144669231821334,547334197.54,547220085.5,375203.0707922248,988223925.24,988223923.0,11.949827080184672,1.805522813104774,1.805898514553688,0.0012369111912297745,692521.42,673344.5,45116.20023807458,903.94,625.5,762.6057747978979,0.0013205466003639293,0.000923073026203564,0.001141668959184414,142819155.48,142819155.0,3.085449720518954,173589.48,171774.0,14996.474747984566,0.0012154495621843997,0.0012027378429127049,0.00010500324502828958,139678116.94,139678883.5,10690.069311945093,1095.9,556.5,1355.6190430190622,33593276.0,33593276.0,0.0,268435456,268435456,0.0,0.9631672159056295,0.9713265633567677,0.13256644094727618,50,0.14131948110966924,0.14131948110966924,0.14131948110966924,0.0006855100092020184,1.2092226038023252e-08,0.0006850709291802212,0.06514773252511753,0.8436464530808436,0.8645427271326749,2.1603892770189584e-08,0.08639045838483164,0.08639045855558028,7.653360129802658e-05,1.2369915530788047,0.0,0.0,0.13763595641347592
gemm,gemm_float_full,float,full,512,-1,64,inputs/float/gemm_n512.bin,,0.29371672810000005,0.2935822295,0.04030957253344937,0.29371672810000005,0.2935822295,0.04030957253344937,0.29371672810000005,0.2935822295,0.04030957253344937,556221803.32,553057419.5,7086683.561184102,963886318.22,963886319.0,10.88021981495027,1.7331863176108202,1.7428324447389612,0.02155994555281605,1512159.78,698941.5,1568200.9290123235,1008.64,602.0,984.21100193329,0.0012023847100498953,0.000978860033761129,0.0012480795976479726,138522563.82,138522564.0,1.6249332793393678,2134457.22,2134456.0,51.82792959129603,0.015408733141653237,0.015408724314401174,3.74150816073869e-07,137938342.24,137936044.5,12947.560839654616,850.84,333.5,1695.41194031036,33593276.0,33593276.0,0.0,268435456,268435456,0.0,0.9308148505499351,0.9143467853097114,0.12692080184421048,50,0.1372396212984008,0.1372396212984008,0.1372396212984008,0.012740751115624751,1.1287866223729236e-08,0.012439485203492846,1.0370603356560135,0.9757802604827194,1.0380035501251352,1.1730459172347189e-08,2.4281549944250475e-05,2.4281737676568362e-05,9.38648430117208e-05,1.9926330923679658,0.0,0.0,0.13635450892218184
gemm,gemm_float_full,float,full,512,-1,128,inputs/float/gemm_n512.bin,,0.32914366083999996,0.32030823399999997,0.04032058989409185,0.32914366083999996,0.32030823399999997,0.04032058989409185,0.32914366083999996,0.32030823399999997,0.04032058989409185,669617216.08,671631863.0,22290053.584788278,952045492.9,952045491.0,11.042127112164508,1.4233203856439958,1.4175209790032888,0.047377384650351975,53394667.5,54044936.5,15645007.78428888,4222.18,937.0,10048.905136198993,7.494579695281853e-05,1.894578034084451e-05,0.00016412840267327006,136400303.92,136400303.5,3.3309923813024156,1060795.4,1060782.5,57.462321283993006,0.007777075046858638,0.007776980097123633,4.213000513231216e-07,136130664.12,136129357.5,38120.06800411766,2340.22,519.5,5519.891030756727,33593276.0,33593276.0,0.0,268435456,268435456,0.0,0.826793805007365,0.838066610637543,0.0943714630206179,50,0.12250149309025306,0.12250149309025306,0.12250149309025306,0.03328775462984102,1.1598318772067692e-08,0.0332865215226406,0.2930069334037688,2.380027648323613,2.1899614033939176,2.4420710845747622e-08,5.4169089801853415e-05,5.4172043960575586e-05,0.0002800255787374591,2.358706032234887,0.0,0.0,0.11414147330213395
gemm,gemm_float_full,float,full,1024,-1,8,inputs/float/gemm_n1024.bin,,1.6875354374599996,1.6926047185,0.04236287787311409,1.6875354374599996,1.6926047185,0.04236287787311409,1.6875354374599996,1.6926047185,0.04236287787311409,3879824944.64,3861990252.0,38362216.077998616,9249432224.06,9249432223.0,11.998996701292883,2.3842059901579424,2.39499108862257,0.02313274687488737,27448440.5,27462206.5,137727.973857116,206652.74,96250.5,243520.85814539538,0.007515458816132691,0.0034950594708357376,0.008830275741771691,1361394629.6,1361394628.0,6.648615041952925,2123081.0,2122465.0,3688.70796471882,0.0015594897716118728,0.0015590372997101067,2.7095018067769016e-06,237524868.9,237458990.5,339323.00829897466,232734.8,152148.5,258768.56969745242,268603840.0,268603840.0,0.0,2147483648,2147483648,0.0,1.273333929367687,1.268744997599863,0.031626062942602236,50,0.02510340045769749,0.02510340045769749,0.02510340045769749,0.009887615195370151,1.2972684604445887e-09,0.009702495073991041,0.005017697594044223,1.1784061423303431,1.174948324221618,4.883679498505439e-09,0.0017374315745460583,0.0017374283923493696,0.0014285788678482863,1.1118602361892267,0.0,0.0,0.024837210580187025
gemm,gemm_float_full,float,full,1024,-1,16,inputs/float/gemm_n1024.bin,,1.94946847912,1.9544621635000001,0.03277689539552816,1.94946847912,1.9544621635000001,0.03277689539552816,1.94946847912,1.9544621635000001,0.03277689539552816,4507738380.74,4507103159.5,2265382.090338727,8316001475.56,8316001476.0,8.788118003448561,1.8448283438245263,1.845087892646699,0.0009259938382182359,9831609.34,9807731.5,175483.28740921002,53489.04,48279.5,16134.47967572957,0.005443065364324775,0.004939619495425482,0.0016513942967636152,1212734350.04,1212734350.5,3.752332580759038,4467944.02,4468134.0,758.7344051451767,0.0036841902102074174,0.003684346858511381,6.256375499475305e-07,847430741.32,847428765.5,66381.36665079018,224912.92,178242.0,190045.16622740406,268603840.0,268603840.0,0.0,2147483648,2147483648,0.0,1.1018774362715877,1.0987595598728017,0.01842389464451461,50,0.016813247173057044,0.016813247173057044,0.016813247173057044,0.0005025540302023555,1.0567720591772464e-09,0.000501940379069931,0.017848887332743636,0.30164085344828717,0.30339416968741006,3.0941092586643347e-09,0.0001698173481468948,0.0001698168428476193,7.833249776541181e-05,0.8449722062538872,0.0,0.0,0.01672045731951402
gemm,gemm_float_full,float,full,1024,-1,32,inputs/float/gemm_n1024.bin,,2.1944374486400005,2.1975804405,0.034337827788168046,2.1944374486400005,2.1975804405,0.034337827788168046,2.1944374486400005,2.1975804405,0.034337827788168046,5098743019.26,5096543266.0,13653132.82907724,7903599078.72,7903599079.0,9.240637877141324,1.5501182203431472,1.5507764255066054,0.004138741464462118,13086867.64,11519785.0,6743458.808138467,42937.86,40879.0,6869.548542959839,0.0040772583393700905,0.0035668404685190594,0.001861022332477321,1142244241.6,1142244241.5,4.304719769701185,1410252.7,1408036.0,99962.98536371614,0.0012346332321682605,0.0012326925839353207,8.751454440325951e-05,1122460953.14,1122405066.5,395345.0915602855,198507.7,212440.0,73626.28393565353,268603840.0,268603840.0,0.0,2147483648,2147483648,0.0,0.9788358768476978,0.9772037093169363,0.015171684519061913,50,0.015647667610415993,0.015647667610415993,0.015647667610415993,0.002677744843680859,1.1691683478759982e-09,0.00266995214309908,0.5152844052252115,0.15998814433136255,0.45643964094873535,3.768650882994467e-09,0.07088303065380847,0.07088302997446994,0.0003522127789428553,0.3708988816839524,0.0,0.0,0.015499722556064988
gemm,gemm_float_full,float,full,1024,-1,64,inputs/float/gemm_n1024.bin,,2.4590863725199994,2.452942405,0.03455107953732601,2.4590863725199994,2.452942405,0.03455107953732601,2.4590863725199994,2.452942405,0.03455107953732601,5752116413.74,5750170680.0,42272446.44855883,7708911773.34,7708911771.5,13.423418186995676,1.3402579694559773,1.3406405996996404,0.009851129591971205,406005685.22,401026687.0,36719606.83825647,166718.06,143379.5,68857.33763558997,0.0004054047076835867,0.0003742313783017939,0.0001482393385554055,1107873211.42,1107873211.5,7.706583403524529,17048026.24,17048008.5,98.06860572347456,0.015388066129109517,0.015388050080611466,8.850111783159537e-08,1105579959.02,1105462405.5,877297.6288414722,220242.52,195927.5,68293.02133864643,268603840.0,268603840.0,0.0,2147483648,2147483648,0.0,0.8734530385300127,0.8754726781087896,0.012193640556227988,50,0.014050372497456881,0.014050372497456881,0.014050372497456881,0.007349024847199411,1.7412857458582355e-09,0.007350174232479936,0.09044111492763808,0.4130166679937972,0.3656576644174159,6.9561961820944564e-09,5.752490308430835e-06,5.751282655601428e-06,0.000793518027967077,0.3100810022453722,0.0,0.0,0.013960270350366413
gemm,gemm_float_full,float,full,1024,-1,128,inputs/float/gemm_n1024.bin,,2.8286363039199993,2.825464611,0.03585942254801958,2.8286363039199993,2.825464611,0.03585942254801958,2.8286363039199993,2.825464611,0.03585942254801958,6597899449.54,6599553805.5,11325700.854229853,7614188630.48,7614188628.0,11.38247853740974,1.1540355686044395,1.153742944842144,0.0019832467305578774,1070482445.06,1069610179.0,10665364.728727186,302015.12,279739.5,81953.34155821062,0.0002822038953748596,0.00026251702168665744,7.67910254149271e-05,1090895500.22,1090895499.5,5.031695473657365,8458809.08,8458801.0,62.3665399566425,0.007754004923747574,0.007753997507890534,5.7163847854473625e-08,1086878370.12,1086748240.5,323906.1660524459,334712.14,348413.5,79062.02704877753,268603840.0,268603840.0,0.0,2147483648,2147483648,0.0,0.7593125442747249,0.7600462076412988,0.00954437251936056,50,0.012677282865359765,0.012677282865359765,0.012677282865359765,0.001716561602802157,1.494903671265127e-09,0.001718531719915871,0.009963138375547484,0.2713550949310439,0.2721118548449636,4.612444979966117e-09,7.372969334903407e-06,7.372170693289406e-06,0.0002980150999018263,0.23620902142592595,0.0,0.0,0.012569754828003125
gemm,gemm_float_full,float,full,2048,-1,8,inputs/float/gemm_n2048.bin,,15.788093416360006,15.795259307,0.0641987190630304,15.788093416360006,15.795259307,0.0641987190630304,15.788093416360006,15.795259307,0.0641987190630304,37396370799.6,37436871006.0,123669136.6532304,73974115952.46,73974115956.5,25.416698488702156,1.9781307272823354,1.9759695240903443,0.006553195274975954,256393164.28,258089055.0,3529715.9434800567,200467815.46,200463541.5,1038143.5309990161,0.7820319940753948,0.7786236784547724,0.012205177207291067,10889657205.82,10889657202.0,28.538331171665117,17428240.04,17435731.5,33845.44004794944,0.0016004397301551418,0.0016011276744328897,3.1080336898597967e-06,1966116819.84,1965805441.5,1787726.082685497,237731168.06,238571054.5,5027251.851934335,2148117248.0,2148117248.0,0.0,17179869184,17179869184,0.0,1.0881711555711862,1.0876600284356812,0.004429429605082746,50,0.004066274335348569,0.004066274335348569,0.004066274335348569,0.0033069823089505036,3.4358908060538876e-10,0.003312822142942541,0.013766809865591229,0.005178604498766338,0.015607004956007439,2.6206822338184116e-09,0.0019419884033195498,0.0019419873371667132,0.0009092674782320309,0.021146793215879575,0.0,0.0,0.004070526573329099
gemm,gemm_float_full,float,full,2048,-1,16,inputs/float/gemm_n2048.bin,,17.12556759076,17.124651057,0.05466394500179274,17.12556759076,17.124651057,0.05466394500179274,17.12556759076,17.124651057,0.05466394500179274,40617884019.58,40618912620.5,91512727.35934167,66507465616.66,66507465609.0,58.01288067076164,1.6374018006885165,1.6373522008319445,0.0036887798751029303,132898096.2,132966762.0,10257316.538852453,59856319.28,59818904.0,279794.8554052877,0.453008058806714,0.4502953936526918,0.03484277189454423,9700473852.72,9700473849.0,42.86763752917512,35964424.44,35964418.0,3734.5852386165466,0.0037074915087690254,0.0037074908531857255,3.8498525361328086e-07,6715101943.52,6715030186.5,2219296.062520633,321804595.78,321749015.5,2104574.750893971,2148117248.0,2148117248.0,0.0,17179869184,17179869184,0.0,1.0031807971851157,1.003224722335832,0.0031988614532256045,50,0.0031919493886606335,0.0031919493886606335,0.0031919493886606335,0.00225301562521641,8.722762194118176e-10,0.0022528250998330546,0.07718181698717556,0.004674441375127731,0.07691424295259762,4.419128197243178e-09,0.00010384109565960141,0.00010383982072587538,0.00033049327935553226,0.006539915148796547,0.0,0.0,0.003188718785488597
gemm,gemm_float_full,float,full,2048,-1,32,inputs/float/gemm_n2048.bin,,19.467037305779996,19.4816167755,0.14373385102981562,19.467037305779996,19.4816167755,0.14373385102981562,19.467037305779996,19.4816167755,0.14373385102981562,46203296470.2,46242858009.0,331244652.70663774,63208447964.6,63208447949.5,102.38044157696706,1.3681216576831436,1.3668802494953676,0.010114044079084568,2027168830.66,2050716662.0,180026321.3218496,13620220.46,13460022.0,517538.1138966707,0.00683975523021772,0.006640314117239639,0.0014710771681723455,9136578039.0,9136578045.5,69.31530908571408,23117454.22,23684853.5,4342386.439617371,0.002530209244404456,0.002592311212529044,0.00047527492283076154,9082821654.58,9084124781.5,7295881.84727377,69241674.1,70289128.5,6974998.335422096,2148117248.0,2148117248.0,0.0,17179869184,17179869184,0.0,0.8825592959219177,0.8818502852286106,0.006714231627321001,50,0.0073834476593487245,0.0073834476593487245,0.0073834476593487245,0.007169286133518254,1.6197271863771343e-09,0.007392649639223076,0.08880677257810694,0.03799777804012657,0.21507745798756,7.586572214437152e-09,0.1878401660620817,0.18784016534673148,0.0008032615991743966,0.10073410884532753,0.0,0.0,0.007607683311870102
gemm,gemm_float_full,float,full,2048,-1,64,inputs/float/gemm_n2048.bin,,22.899262302320004,22.890630091,0.04877267696059001,22.899262302320004,22.890630091,0.04877267696059001,22.899262302320004,22.890630091,0.04877267696059001,54431487668.24,54437318340.5,67257245.04848936,61651001410.52,61651001412.0,65.11002971334061,1.132636573698015,1.1325135765425292,0.0014000980271133092,8540700145.62,8551013093.5,39606424.35301187,11280310.56,11278436.0,26418.003199859137,0.0013207985035117399,0.0013199228535274235,6.762676030860604e-06,8861616462.48,8861616455.0,61.16196013013902,136353071.12,136353018.5,278.00290998545137,0.015386929878687165,0.015386924102165061,3.134937919891063e-08,8810999756.88,8811333450.0,2813356.7345870594,11468323.24,11466812.5,25524.736990437777,2148117248.0,2148117248.0,0.0,17179869184,17179869184,0.0,0.750240128900833,0.7505197161837099,0.001596697896096142,50,0.0021298798326638093,0.0021298798326638093,0.0021298798326638093,0.001235631211449196,1.0561066036833324e-09,0.0012361405764446073,0.0046373744163496445,0.002341957081708142,0.005120142105612626,6.901896554550536e-09,2.0388459731925645e-06,2.0374031366928803e-06,0.0003193005121116105,0.002225672965112359,0.0,0.0,0.002128249122631501
gemm,gemm_float_full,float,full,2048,-1,128,inputs/float/gemm_n2048.bin,,22.164530185639993,22.16480124,0.03797116133070987,22.164530185639993,22.16480124,0.03797116133070987,22.164530185639993,22.16480124,0.03797116133070987,52647190310.94,52645542444.0,14580316.037852798,60893228528.78,60893228530.0,41.8599649720115,1.1566283546291063,1.1566644718817582,0.00032028141416282947,8641384114.48,8641383709.5,107915.57629925555,5784078.9,5767241.0,43982.96351406505,0.000669346345482532,0.0006673974021524099,5.089439195806291e-06,8725795400.94,8725795398.0,34.027845858195164,67640508.64,67640460.5,310.0975988546555,0.007751787147417361,0.007751781617062839,3.554360290365008e-08,8695733061.28,8695728412.0,59069.26781126681,5984739.08,5967582.5,46421.021408910594,2148117248.0,2148117248.0,0.0,17179869184,17179869184,0.0,0.7751086276132148,0.775096920497867,0.0013272680173548686,50,0.0017131498395265205,0.0017131498395265205,0.0017131498395265205,0.0002769438587651093,6.874321822536836e-10,0.00027690953008456504,1.2488228143732902e-05,0.0076041430752379685,0.007603596001016951,3.899684131320505e-09,4.584495372515216e-06,4.585213993587535e-06,6.7929026103949754e-06,0.007756565622725626,0.0,0.0,0.0017123638804562315
gemm,gemm_float_skip_k,float,skip_k,512,-1,8,inputs/float/gemm_n512.bin,,0.17889998270000004,0.1753015635,0.03203641704029778,0.17889998270000004,0.1753015635,0.03203641704029778,0.17889998270000004,0.1753015635,0.03203641704029778,329251424.02,329270277.0,574629.9065757929,956473010.14,956473011.0,8.708452381934583,2.9050014509183715,2.9048264531173498,0.005068675979666758,3689649.2,3688911.5,3496.3661835963208,2167.28,687.5,3473.5277018486845,0.0005872421926836311,0.00018627730529935849,0.0009410015127194945,103107971.42,103107971.0,2.348164720207678,282586.64,282035.5,5168.254135250171,0.0027406866425117834,0.002735341396319542,5.012468435545029e-05,7559913.9,7561007.0,7699.1025828750535,1548.1,315.0,3352.496421340676,33650400.0,33650400.0,0.0,201326592,201326592,0.0,1.1598589853543393,1.1490902667291278,0.19942143778817065,50,0.17907445577577336,0.17907445577577336,0.17907445577577336,0.0017452617199337846,9.104754958699688e-09,0.001744810137036033,0.0009476147986091254,1.6027129405746763,1.6024078726687245,2.277384268033617e-08,0.01828909581588914,0.018289097183876533,0.0010184114111240147,2.1655554688590377,0.0,0.0,0.17193593385599973
gemm,gemm_float_skip_k,float,skip_k,512,-1,16,inputs/float/gemm_n512.bin,,0.14397475335999999,0.138845069,0.03125778002900419,0.14397475335999999,0.138845069,0.03125778002900419,0.14397475335999999,0.138845069,0.03125778002900419,246920482.22,246710619.5,692474.2396872691,707809099.24,707809096.5,8.695670979732366,2.866568796783223,2.8689851573991714,0.008031517447109865,741352.88,741221.5,1487.369636064183,1068.54,633.5,1481.463799140318,0.0014410628683607038,0.0008514029987785063,0.001997523988095821,59356481.0,59356480.0,3.3685217496605566,46490.94,38238.0,14893.81983378423,0.000783249597968466,0.0006442093709770082,0.00025092153447172993,9936942.04,9937436.5,3798.369472738445,892.48,411.5,1294.3778308436806,33650400.0,33650400.0,0.0,201326592,201326592,0.0,1.465525059775874,1.4505121628073634,0.31888083379352183,50,0.21710598073292778,0.21710598073292778,0.21710598073292778,0.002804442278183678,1.2285333699537375e-08,0.0028017877875886293,0.002006291033851764,1.3864373810435904,1.3861463173831725,5.6750698372104584e-08,0.3203596191813766,0.3203596083835234,0.00038224732090099274,1.450315783932055,0.0,0.0,0.21758811401170375
gemm,gemm_float_skip_k,float,skip_k,512,-1,32,inputs/float/gemm_n512.bin,,0.15893214068,0.17346360649999998,0.03533926558638508,0.15893214068,0.17346360649999998,0.03533926558638508,0.15893214068,0.17346360649999998,0.03533926558638508,269871386.42,269376517.5,774859.1976710522,542304911.06,542304914.0,9.744511799748997,2.009510145498856,2.013185597834825,0.005765279224482302,219517.76,214735.5,12513.376903660383,1161.06,641.0,1400.0165073370836,0.005208860691280278,0.002949033792096303,0.006026140583851542,37961508.46,37961507.0,3.3939321595666243,8558.08,8547.5,110.79468785615508,0.00022544098865247262,0.00022516227325366223,2.9186017377125954e-06,50621406.58,50565616.5,90662.69851377419,1163.66,455.0,1909.5870010800445,33650400.0,33650400.0,0.0,201326592,201326592,0.0,1.3322659412811433,1.1606315688156634,0.3034826487600049,50,0.2223544302315697,0.2223544302315697,0.2223544302315697,0.002871216574495012,1.7968695471892705e-08,0.0028689973212606425,0.05700393855905045,1.2058089223098578,1.1569018526334185,8.940456523593647e-08,0.012946208478555363,0.012946189400418886,0.0017909952456673555,1.6410179958751219,0.0,0.0,0.227794345975825
gemm,gemm_float_skip_k,float,skip_k,512,-1,64,inputs/float/gemm_n512.bin,,0.15637539012000004,0.14723360349999998,0.027555831906792862,0.15637539012000004,0.14723360349999998,0.027555831906792862,0.15637539012000004,0.14723360349999998,0.027555831906792862,292287465.56,291747061.5,2231061.510435842,463369965.92,463369964.0,7.267034878243903,1.5854125676120157,1.588259778439793,0.012008679459107474,945496.48,725752.0,827533.8449636832,966.4,619.5,1021.5150013382981,0.0017264698778009277,0.0015998632527871898,0.0013396091230201592,27373462.62,27373461.5,3.585059700913997,37704.6,37540.0,345.7616850623313,0.0013774143420633828,0.0013714012749153123,1.2631292620506649e-05,69150977.82,69142494.5,26267.378859539243,895.3,410.5,1509.9140028221366,33650400.0,33650400.0,0.0,201326592,201326592,0.0,1.3252242008958066,1.3686962811637426,0.2203308556380238,50,0.17621591150402213,0.17621591150402213,0.17621591150402213,0.007633107037831068,1.5683007990851404e-08,0.0075744823173662735,0.8752373620298228,1.0570312513848283,0.7759238317707992,1.3096844015249382e-07,0.00917027856182883,0.009170292652525183,0.00037985549427678716,1.6864894480309802,0.0,0.0,0.16625930577564732
gemm,gemm_float_skip_k,float,skip_k,512,-1,128,inputs/float/gemm_n512.bin,,0.17728866644000005,0.176784247,0.03188842193441152,0.17728866644000005,0.176784247,0.03188842193441152,0.17728866644000005,0.176784247,0.03188842193441152,325431017.68,325231804.5,10192880.190822927,424785588.68,424785587.0,8.99986393486118,1.3065526396466063,1.3061011654762655,0.040793123406058736,21936536.42,21940317.0,6580537.053332951,1279.54,660.0,2730.141479551444,5.409953861789091e-05,3.16665566355929e-05,8.377903064481009e-05,22105465.26,22105464.0,3.8798800733976915,17194.92,17013.0,1790.506789961423,0.0007778583158656625,0.0007696288263328315,8.099836870722979e-05,68686961.4,68684537.5,86950.42754609749,590.22,298.0,1330.02940415555,33650400.0,33650400.0,0.0,201326592,201326592,0.0,1.172104971472162,1.1400707106512988,0.20894049655218874,50,0.17986723333611146,0.17986723333611146,0.17986723333611146,0.03132116988567359,2.1186839136487205e-08,0.03122195169809031,0.29998067732029643,2.1336898256806696,1.5486089675652812,1.7551677957298472e-07,0.10412998664497557,0.10412997721453729,0.0012658942217539627,2.2534468573676767,0.0,0.0,0.1782609080565197
gemm,gemm_float_skip_k,float,skip_k,1024,-1,8,inputs/float/gemm_n1024.bin,,1.22910708358,1.2205102225,0.04100626784402604,1.22910708358,1.2205102225,0.04100626784402604,1.22910708358,1.2205102225,0.04100626784402604,2789053186.18,2781860185.5,28577381.90455741,7649321953.3,7649321951.0,12.689783828951738,2.742893949701442,2.749714745546413,0.02696662090631428,29437105.06,29446599.5,84839.98268948075,254613.52,115188.5,462229.8951455376,0.008644463167437787,0.003926252993218981,0.015678941600204166,824523606.9,824523607.0,5.083988471544899,2129262.76,2128235.0,4596.382781701105,0.0025824157636858587,0.0025811692739071044,5.574586178403466e-06,101633511.26,101651688.0,79061.97403866291,320315.72,149865.0,493637.6144231197,268730912.0,268730912.0,0.0,1610612736,1610612736,0.0,1.3117986422487105,1.3196225503404073,0.04302477542717887,50,0.033362648699890134,0.033362648699890134,0.033362648699890134,0.010246266383933018,1.6589423097137684e-09,0.009831448608958994,0.00288207629508935,1.8154177168028534,1.8137553826666823,6.165970784826172e-09,0.0021586733530722653,0.0021586710617220325,0.0007779124528759582,1.5410970601852438,0.0,0.0,0.03279830763769123
gemm,gemm_float_skip_k,float,skip_k,1024,-1,16,inputs/float/gemm_n1024.bin,,0.93624180522,0.933571113,0.037589000663742225,0.93624180522,0.933571113,0.037589000663742225,0.93624180522,0.933571113,0.037589000663742225,2089021584.36,2087389504.0,4727918.28770055,5660224691.56,5660224690.0,10.150218591549539,2.7095234556367718,2.711628414437757,0.006105887008061962,6782751.78,6766253.0,97610.07681258496,38719.78,32691.0,22841.984800005306,0.005698372784806474,0.004812516323786103,0.0032903985154799243,474536589.56,474536589.0,2.658524983402543,325972.7,274351.0,99045.9310679255,0.0006869284839425209,0.0005781450909802808,0.00020872137878159798,126366341.48,126356213.0,97522.43615455824,83725.68,69388.5,41236.50587468164,268730912.0,268730912.0,0.0,1610612736,1610612736,0.0,1.7229620000343533,1.7252170190886167,0.06782157301902028,50,0.040148816741749194,0.040148816741749194,0.040148816741749194,0.0022632213678869246,1.7932536506341521e-09,0.002253491105736526,0.014390925686003057,0.5899306452672332,0.5774277394159062,5.602360369866487e-09,0.3038473193243652,0.30384731986024743,0.0007717437650910635,0.4925192112465572,0.0,0.0,0.03936335973612188
gemm,gemm_float_skip_k,float,skip_k,1024,-1,32,inputs/float/gemm_n1024.bin,,1.0054618576199996,1.004578622,0.03759681242253641,1.0054618576199996,1.004578622,0.03759681242253641,1.0054618576199996,1.004578622,0.03759681242253641,2265769213.28,2262784443.0,12778610.028723724,4336246087.1,4336246086.0,10.02496887281561,1.9138668916831052,1.9163319569430954,0.010747940897651728,5592529.2,5139883.5,1807841.7004605578,44008.24,41697.0,4278.911794522775,0.008610225183285474,0.00866844582305129,0.0025581561444005833,303383138.62,303383138.5,3.789836026594819,62259.16,57787.5,12513.16382179265,0.0002052162828236037,0.0001904769614661878,4.124541576235819e-05,414662533.98,414442201.5,569779.8238255699,116870.14,103339.0,35950.412525242355,268730912.0,268730912.0,0.0,1610612736,1610612736,0.0,1.604022192615367,1.6032724069366777,0.058952035765417424,50,0.0373925794773864,0.0373925794773864,0.0373925794773864,0.00563985508931203,2.31190035607968e-09,0.00561582466594618,0.3232601271819122,0.0972297868427089,0.29710676433487265,1.2491913834874477e-08,0.20098510519243512,0.20098510310612738,0.0013740807937402213,0.3076099038235289,0.0,0.0,0.03675263100275178
gemm,gemm_float_skip_k,float,skip_k,1024,-1,64,inputs/float/gemm_n1024.bin,,1.2045865811199996,1.1897875500000001,0.04398202673492959,1.2045865811199996,1.1897875500000001,0.04398202673492959,1.2045865811199996,1.1897875500000001,0.04398202673492959,2746468520.96,2742698439.5,25123860.27152102,3704780987.68,3704780985.0,12.431756481390469,1.3490357558784851,1.3507797330100315,0.012317045480306299,132648361.48,130625446.5,12145682.004622871,33619.14,32082.0,4293.196078894688,0.000255829033543956,0.0002457193598160826,4.274433648615698e-05,218680441.9,218680439.0,24.273316163283297,280243.06,271577.5,11596.083380686614,0.0012815186291621505,0.0012418920815697885,5.302754334049987e-05,569130794.28,569096365.5,431932.74473414157,100312.76,86262.0,30317.01912986856,268730912.0,268730912.0,0.0,1610612736,1610612736,0.0,1.33876913361914,1.3536978642374833,0.04759851201591256,50,0.036512134058504966,0.036512134058504966,0.036512134058504966,0.00914769642534961,3.3555982182837365e-09,0.009130258724896066,0.09156300062141462,0.12770094889086062,0.16708164782560828,1.1099902648990987e-07,0.04137866386659714,0.041378675372958855,0.0007589340606328886,0.3022249525371305,0.0,0.0,0.035553935940573926
gemm,gemm_float_skip_k,float,skip_k,1024,-1,128,inputs/float/gemm_n1024.bin,,1.4559639591399998,1.4576514435,0.043089935675538066,1.4559639591399998,1.4576514435,0.043089935675538066,1.4559639591399998,1.4576514435,0.043089935675538066,3308290644.9,3312208498.5,19797630.207799025,3396109694.64,3396109694.5,11.670230702713564,1.0265817153122918,1.0253309103336083,0.0062365854691616655,528434007.84,530653034.0,14360459.610549072,178016.5,153555.5,61110.52339292426,0.00033683236311620173,0.0002914233892620725,0.00011499372249300243,176536876.52,176536876.0,3.9135557153808818,83099.9,72793.5,12230.711622212106,0.00047072261366633153,0.00041234161066572143,6.928133830108489e-05,554385055.52,554329361.0,451258.08456484554,213031.86,184031.5,64107.52181854088,268730912.0,268730912.0,0.0,1610612736,1610612736,0.0,1.1071588066213383,1.104937198294454,0.032471915616911914,50,0.029595468627527138,0.029595468627527138,0.029595468627527138,0.005984247556459009,3.436352695300866e-09,0.006075098919197545,0.02717550232856541,0.3432857257216284,0.341397487548818,2.2168488491057627e-08,0.14718082238621355,0.14718081581309897,0.0008139795257315806,0.30092926860114205,0.0,0.0,0.029329049656394688
gemm,gemm_float_skip_k,float,skip_k,2048,-1,8,inputs/float/gemm_n2048.bin,,11.33089282538,11.418921193,0.37637830841437847,11.33089282538,11.418921193,0.37637830841437847,11.33089282538,11.418921193,0.37637830841437847,26828645363.36,27034128115.5,892069697.9550556,61173165288.1,61173165298.0,103.66001156406665,2.282643117223723,2.262813009749551,0.07673071692864342,237451674.3,237648358.5,692818.6507754285,160969657.36,167319628.5,57472318.974546656,0.6782850677217582,0.7029219455249898,0.24337633821848548,6594688732.04,6594688736.5,109.37726497412628,16927387.34,16927868.0,9438.728521710791,0.002566821275087073,0.0025668941799096407,1.431255854657506e-06,839015756.68,839096840.5,639049.3011035207,159962546.18,161469716.5,58826922.50975449,2148602112.0,2148602112.0,0.0,12884901888,12884901888,0.0,1.1383914811987956,1.1283822708209903,0.038212787989655085,50,0.03321700365670487,0.03321700365670487,0.03321700365670487,0.03325064258269853,1.6945340506065264e-09,0.03361485479252997,0.002917724849984048,0.35703821401578123,0.3588112871715492,1.6585659978570594e-08,0.0005576010244301996,0.0005575985630744604,0.0007616654347854561,0.36775435196910844,0.0,0.0,0.03356735237461079
gemm,gemm_float_skip_k,float,skip_k,2048,-1,16,inputs/float/gemm_n2048.bin,,7.42159217912,7.417698548000001,0.04700125167192697,7.42159217912,7.417698548000001,0.04700125167192697,7.42159217912,7.417698548000001,0.04700125167192697,17499886069.48,17497485364.5,101317325.43868662,45261232907.9,45261232908.0,21.411658638997395,2.5864578254110224,2.586727865151368,0.014950050418253018,61268375.7,61093845.5,1025260.8316134945,8154501.88,8056556.0,1236896.2000598412,0.1329037405788777,0.13243149124744213,0.018603452614088484,3794891228.38,3794891225.0,23.830087305048245,2288840.52,2198676.5,331661.6403811203,0.00060313731862741,0.0005793780015174501,8.739687662370325e-05,1008928368.14,1008956331.0,315380.21730582905,12050302.3,12211785.5,2636193.752578302,2148602112.0,2148602112.0,0.0,12884901888,12884901888,0.0,1.73620497437956,1.7370485642758933,0.010928949832736172,50,0.006333041554635794,0.006333041554635794,0.006333041554635794,0.00578959914575588,4.730683912779617e-10,0.005780125340291314,0.016733931982033833,0.15168261878674572,0.1399768925468838,6.279517875726062e-09,0.14490377878364383,0.14490377883198594,0.0003125893049149219,0.2187657775671156,0.0,0.0,0.006294734777293031
gemm,gemm_float_skip_k,float,skip_k,2048,-1,32,inputs/float/gemm_n2048.bin,,8.28095723164,8.106123730499998,0.34700457575100635,8.28095723164,8.106123730499998,0.34700457575100635,8.28095723164,8.106123730499998,0.34700457575100635,19548244419.62,19126350612.0,834043191.6145139,34669618850.82,34669618387.5,2963.5672627184963,1.7766272115182562,1.8126624933700621,0.07382816840235344,129660286.84,49720483.0,122642740.44665357,3061338.12,2178184.0,1554541.265974256,0.03577736118056801,0.03827985408845838,0.014933548978034833,2425689139.28,2425688607.5,3356.8240823867923,759655.36,582759.0,316000.1867066589,0.000313170884159396,0.00024024476850387005,0.00013027208523338674,3338804114.36,3338195110.0,4887249.479280655,11483084.14,7851126.0,6576165.662699016,2148602112.0,2148602112.0,0.0,12884901888,12884901888,0.0,1.5585784755487049,1.5895279199773809,0.06359429467581128,50,0.041903920772005235,0.041903920772005235,0.041903920772005235,0.042665887212736564,8.548023776870574e-08,0.04155523900777246,0.9458774420111685,0.5077979644973865,0.4174021919242548,1.383864085479302e-06,0.4159783545878738,0.41597763975747365,0.0014637724502197906,0.5726828770497031,0.0,0.0,0.040802754351796505
gemm,gemm_float_skip_k,float,skip_k,2048,-1,64,inputs/float/gemm_n2048.bin,,10.200366565439998,10.153186557000001,0.17142255908065465,10.200366565439998,10.153186557000001,0.17142255908065465,10.200366565439998,10.153186557000001,0.17142255908065465,24105229734.48,23919100340.5,423837012.7757651,29617952639.5,29617952625.0,62.833515782239395,1.2290565536387086,1.2382553283433217,0.021039388195072273,1245095097.68,1140511993.0,244903662.05020413,899346.84,877403.5,117120.56604642542,0.0007334418071150417,0.0007339237858727961,8.271790718542823e-05,1748073485.58,1748073461.5,77.4923537623642,2242933.98,2242238.5,16014.267302767475,0.0012830890684534808,0.0012826912143653723,9.161111465186559e-06,4619828395.7,4620080119.0,2089023.5116827402,3488519.06,3329304.0,541441.4477610748,2148602112.0,2148602112.0,0.0,12884901888,12884901888,0.0,1.263522490200097,1.269051108574049,0.02078174484129995,50,0.01680552928964865,0.01680552928964865,0.01680552928964865,0.017582782551518718,2.121467224525217e-09,0.017118323915025456,0.19669474444685867,0.13022847341791452,0.11278046381183963,4.4330146530798e-08,0.007139874577479751,0.007139887393965979,0.0004521863871885678,0.15520667608480107,0.0,0.0,0.016447467300727558
gemm,gemm_float_skip_k,float,skip_k,2048,-1,128,inputs/float/gemm_n2048.bin,,11.186602946280003,11.1760557985,0.04629718810355751,11.186602946280003,11.1760557985,0.04629718810355751,11.186602946280003,11.1760557985,0.04629718810355751,26497311856.08,26506869576.5,82263943.41227913,27148596177.92,27148596176.5,27.65445689040615,1.024588990985564,1.02420982158457,0.0031983506315325576,4259033713.0,4266461224.5,50745135.53887898,2957008.8,2978032.5,86933.93887056455,0.0006942951256073674,0.0006989928230972089,1.8814594214055944e-05,1410926316.88,1410926316.5,21.648056930961005,642187.02,642718.5,9843.38814136843,0.00045515276901279817,0.0004555294620307454,6.976543044545442e-06,4436741009.66,4436439221.5,2291266.770948753,3165953.44,3203266.5,82302.86957954099,2148602112.0,2148602112.0,0.0,12884901888,12884901888,0.0,1.1518347819889572,1.1529024451715082,0.004771416798626308,50,0.004138627993313484,0.004138627993313484,0.004138627993313484,0.003104614681636208,1.0186330338839975e-09,0.0031215937899703827,0.011914706235827107,0.029399283110203987,0.027098842437640606,1.534315199310453e-08,0.015327915131901031,0.015327915195764244,0.0005164301377880833,0.025996234985547036,0.0,0.0,0.004142448963372294
